fk_material_alias,lower(txt_price_formula)
a0g9N0000000WLpQAM,na
a0g9N0000000KHxQAM,0.835/kg
a0g09000001FmGcAAK,80% lme
a0g09000001FmGcAAK,81% lme
a0g09000001F4qfAAC,"2.318,61"
a0g9N0000000CbsQAE,avg. previous month +145€/mt
a0g09000001F4qpAAC,1580€/mt
a0g09000001F4qpAAC,1485 €/mt
a0g9N0000000685QAA,l. lme + 140$
a0g9N0000000685QAA,l. lme + 160$
a0g09000001F4qaAAC,1650
a0g9N0000000685QAA,llme + $ 135
a0g9N0000000685QAA,lme + 170$
a0g9N0000000685QAA,lme + 170$
a0g9N0000000685QAA,lme + 135$
a0g9N0000000685QAA,lme + 170eur
a0g9N0000000685QAA,+175 usd
a0g9N000000068AQAQ,100% lowest lme (up to 1 week after departure)
a0g9N000000068AQAQ,104% lme previous week (15 days after arrival)
a0g9N000000068AQAQ,104% lme previous week to arrival (15 days after arrival)
a0g9N000000068AQAQ,lowest lme + 25usd/mt up to 1 week after departure
a0g09000001F4peAAC,2.16
a0g09000001F4uxAAC,n/a
a0g09000001F4qaAAC,lme -250
a0g09000001F4vuAAC,0.61 eur per kg
a0g09000001FmJ7AAK,lme +90
a0g9N0000000wieQAA,94.8%
a0g09000001F4sMAAS,1.32 per kg
a0g09000001F4tXAAS,96.5% lme up to 1 month after arrival
a0g09000001F4ylAAC,785 eur/mt
a0g09000001F4ylAAC,stock price
a0g9N0000000BThQAM,lme cash media julio + 165€/mt
a0g09000001FmJ7AAK,lme +60€/to
a0g09000001F4tXAAS,lme +50/to
a0g09000001F4rJAAS,1760 usd
a0g09000001F4rJAAS,1820 usd
a0g9N0000000685QAA,llme + 135$
a0g9N0000000685QAA,lme + 175 usd
a0g09000001F4tXAAS,lme +5€/to
a0g9N0000000jv5QAA,fix price
a0g9N0000000jv0QAA,"basis ""bdsv durchschnittliche lagerverkaufspreise"" - 45 euro / to"
a0g9N0000001sZOQAY,525
a0g9N0000001sZOQAY,305
a0g9N0000001sZYQAY,255
a0g9N0000001sZYQAY,465
a0g09000001F4roAAC,"96,9% lme"
a0g09000001F4roAAC,lme - 170
a0g9N0000000KHxQAM,915 eur/mt
a0g09000001F4tYAAS,lme + 150
a0g09000001F4sSAAS,-
a0g9N00000005fuQAA,0.52 per kg
a0g09000001F4sQAAS,-
a0g9N00000005fuQAA,0.48 per kg
a0g9N0000000Y6PQAU,1245
a0g9N0000000IA6QAM,2465
a0g9N0000000685QAA,llme +135% ($)
a0g9N0000000685QAA,lme + 175 usd
a0g09000001F4vjAAC,352.5 e/t
a0g09000001F4vjAAC,278 e / t
a0g09000001F4rnAAC,lme-280
a0g09000001F4vuAAC,1050
a0g9N000000067qQAA,lme +80
a0g9N000000067qQAA,lme +175
a0g09000001FmHpAAK,1750 €/to
a0g09000001FmHpAAK,lme -120
a0g09000001F4qIAAS,lme +40
a0g09000001F4qIAAS,1700 €/to
a0g09000001F4vuAAC,1150
a0g09000001F4tYAAS,lme - 95
a0g09000001F4qIAAS,1600
a0g9N0000000Ff6QAE,1875
a0g09000001F4qaAAC,spot
a0g9N0000000Ff6QAE,102% lme average previous month of delivery
a0g09000001F4v0AAC,4950
a0g09000001F4sJAAS,1140
a0g09000001F4sJAAS,1280
a0g09000001F4v0AAC,5020
a0g09000001F4sSAAS,2445
a0g09000001F4sRAAS,2590
a0g09000001F4sSAAS,2250
a0g09000001F4sSAAS,2350
a0g9N0000000I9SQAU,1130usd/mt for 3mt with 9% ni // 1350usd/mt for 21mt of ss304
a0g9N0000000I9SQAU,1200 usd/mt for 3mt with 9%ni // 1420 usd/mt for 21mt of ss304
a0g09000001F4pRAAS,-
a0g09000001F4qIAAS,1920
a0g09000001F4qIAAS,1920
a0g09000001F4tYAAS,lme + 70 eur/mt
a0g09000001F4roAAC,lme + 110 eur/mt
a0g09000001F4q0AAC,lme +140 €/to
a0g09000001F4q0AAC,2100
a0g09000001F4sbAAC,not known
a0g9N0000000rADQAY,lme +70
a0g09000001F4qIAAS,1950
a0g09000001F4yrAAC,not known
a0g09000001F4tYAAS,lme + 30 eur/mt
a0g9N0000000lyuQAA,1.9
a0g9N000000068AQAQ,lme + 115 usd
a0g09000001F4uuAAC,4770 eur/mt
a0g09000001F4xfAAC,4200 eur/mt
a0g09000001F4tuAAC,6490 eur/mt
a0g9N0000000BThQAM,1.92
a0g09000001F4uuAAC,na
a0g9N0000000FewQAE,na
a0g9N00000005fuQAA,na
a0g9N0000000EVfQAM,"2,470 usd/mt fixed"
a0g9N0000000EVfQAM,na
a0g09000001F4xXAAS,na
a0g9N0000000EVfQAM,"2,650 $/mt"
a0g9N000000047eQAA,na
a0g09000001F4wxAAC,na
a0g09000001F4uuAAC,4925 eur/mt
a0g09000001F4xfAAC,4320 eur/mt
a0g09000001F4tgAAC,6600 eur/mt
a0g09000001F4qgAAC,avg. lme april + 180€/mt
a0g09000001F4quAAC,1410 eur/mt
a0g09000001F4quAAC,1503 €/to
a0g9N0000000wieQAA,lme - 80 eur/mt
a0g9N0000000Ff6QAE,not provided
a0g09000001F4qIAAS,lme +60
a0g09000001F4u6AAC,not provided
a0g9N0000000BThQAM,lme cash august + 100€/mt
a0g09000001F4qIAAS,2000 €/to
a0g9N0000000BThQAM,lme cash august + 190€/mt
a0g9N0000000BThQAM,lme cash august + 100€/mt
a0g9N0000000BThQAM,lme cash august + 190€/mt
a0g9N0000000BThQAM,lme + 125 usd - lowest avg lme previous month of shipment
a0g09000001F4vuAAC,not provided
a0g09000001F4tYAAS,fixed
a0g09000001F4tYAAS,not provided
a0g09000001FmIxAAK,lme - 130 eur/mt
a0g09000001FmJ2AAK,lme + 35 eur/mt
a0g09000001F4qgAAC,lme previous month + 45€/mt
a0g9N0000000rADQAY,not known
a0g09000001F4vfAAC,na
a0g9N0000000EVfQAM,lowest lme + 450 usd/mt
a0g9N0000000lyzQAA,lme 92% average lme july
a0g9N0000000fmfQAA,lme flat
a0g9N0000000lyzQAA,1870 €/mt
a0g9N0000000KHxQAM,fixed
a0g9N0000000KHsQAM,fixed
a0g09000001F4vtAAC,fixed
a0g09000001F4vtAAC,fixed
a0g09000001F4qIAAS,1970 €/to
a0g09000001F4v6AAC,n/a
a0g09000001F4vaAAC,n/a
a0g9N0000000EVfQAM,n/a
a0g9N0000000fl2QAA,fixed
a0g09000001F4vaAAC,5.95
a0g09000001F4qgAAC,1.98
a0g09000001F4qIAAS,fixed
a0g09000001F4yUAAS,fixed
a0g09000001F4pUAAS,fixed
a0g09000001F4pQAAS,fixed
a0g09000001F4qRAAS,fixed
a0g09000001F4roAAC,"96,9% lme"
a0g09000001F4tYAAS,lme - 105 eur/mt
a0g09000001F4tXAAS,lme +50€/to
a0g09000001FmJ7AAK,lme +60€/to
a0g9N0000000RuBQAU,€915/mt
a0g9N0000000BThQAM,lme cash august + 100€/mt
a0g9N0000000BThQAM,lme cash august + 100€/mt
a0g9N0000000BThQAM,lme cash august + 190€/mt
a0g9N0000000BThQAM,lme cash august + 190€/mt
a0g9N000000067lQAA,1670 €/to
a0g09000001F4qHAAS,2002 €/mt
a0g09000001F4qHAAS,1940 €/mt
a0g09000001F4qgAAC,fixed
a0g09000001F4tYAAS,lme + 110 eur/mt
a0g9N0000001NuqQAE,lme -50 €/mt
a0g9N0000001NuqQAE,lme-15 €/to
a0g09000001F4uSAAS,2.900€/to
a0g09000001F4roAAC,6.670€/to
a0g09000001F4uSAAS,3.500€/to
a0g09000001F4roAAC,7.250€/to
a0g09000001FmGdAAK,bdsv 2/8 -14 eur/mt
a0g9N0000001za1QAA,"bdsv 2/8 + 17,50 eur/mt"
a0g9N0000001zaBQAQ,"bdsv 2/8 + 15,50 eur/mt"
a0g9N0000001zaGQAQ,"bdsv 2/8 + 7,50 eur/mt"
a0g09000001F4rAAAS,1210 €/mt
a0g09000001F4rAAAS,1.260€/to
a0g9N0000001zuhQAA,bdsv 2/8 +30
a0g09000001F4whAAC,bdsv 2/8 +70 eur/mt
a0g9N0000001zuNQAQ,bdsv 2/8 -40 eur/mt
a0g9N0000001zHyQAI,lme - 70 eur/mt
a0g9N0000000WLpQAM,na
a0g09000001F4roAAC,"97,5% lme"
a0g09000001F4qpAAC,1700eu/tn
a0g09000001F4vfAAC,306 €/mt
a0g09000001F4vfAAC,"372,5 €/mt"
a0g09000001F4vWAAS,1810 €/to
a0g9N0000001zL9QAI,lme +160 €/mt
a0g09000001F4rLAAS,80€/mt
a0g09000001F4rLAAS,350€/mt
a0g09000001F4qbAAC,1.810
a0g09000001F4qcAAC,lme -145
a0g09000001F4vfAAC,296 €/mt
a0g09000001F4vfAAC,"372,5 €/mt"
a0g09000001F4vGAAS,320
a0g9N0000001zL9QAI,lme +135 usd
a0g09000001FmHgAAK,lme -28€/mt
a0g09000001F4u6AAC,lme - 540 eur/mt
a0g09000001F4qIAAS,1950 €/to
a0g9N0000002R5WQAU,510
a0g09000001F4tqAAC,lme - 80 eur/mt
a0g09000001FmJ7AAK,lme -28€/mt
a0g9N000000067lQAA,lme +80
a0g9N000000067lQAA,lme +160
a0g09000001F4rJAAS,1430
a0g09000001F4rJAAS,1600 €/mt
a0g9N0000000I9SQAU,1430
a0g09000001F4rqAAC,80
a0g09000001F4rqAAC,180
a0g09000001F4qbAAC,1.700
a0g9N0000000685QAA,lme +135 usd
a0g9N0000000685QAA,lme +135 usd
a0g09000001F4rGAAS,lme flat
a0g9N0000000685QAA,lme + 155 eur
a0g9N0000000685QAA,lme +230 eur/mt
a0g09000001F4rGAAS,1900 €/to
a0g9N0000000lyzQAA,1870 €/to
a0g9N0000001zJ6QAI,bdsv 2/8 -20
a0g9N0000001zIwQAI,bdsv 2/8 +60
a0g9N0000001OUJQA2,bdsv 2/8 +15
a0g09000001F4seAAC,bdsv 5 -10
a0g09000001F4qcAAC,1782 €/to
a0g09000001F4tqAAC,lme -190
a0g09000001F4vuAAC,fixed price
a0g09000001F4qIAAS,1900 €/to
a0g09000001F4twAAC,preis cu lme 91%
a0g09000001F4twAAC,"eur 350,—/t bez cu bei 95% cu und mehr abzüglich 1,0 einheiten"
a0g9N00000025F0QAI,fixed price
a0g09000001F4qIAAS,1950 €/to
a0g09000001FmHpAAK,fixed
a0g09000001F4u5AAC,"lowest cu lme 96,75%"
a0g09000001F4uQAAS,--
a0g09000001F4uQAAS,--
a0g09000001F4tYAAS,lme +100€/mt
a0g09000001F4tYAAS,lme +15€/mt
a0g9N0000000WLpQAM,lme + mb - 335
a0g09000001F4xvAAC,lme + mb -75
a0g09000001F4pSAAS,lme+ mb -335
a0g09000001F4xXAAS,2150 €/to
a0g09000001F4pWAAS,2050 €/to
a0g09000001F4tXAAS,lme -80€/mt
a0g09000001F4vWAAS,1950 €/t
a0g9N0000000BThQAM,2050 €/to
a0g9N0000001NuvQAE,lme -50 €/to
a0g09000001F4vWAAS,1800 €/mt
a0g9N0000000BThQAM,lme + 170 €/mt
a0g9N0000000BThQAM,lme + 100 €/mt
a0g9N0000000BThQAM,"2184,76 €/mt"
a0g9N0000000BThQAM,lme cash sep + 175€/mt
a0g9N0000000I9SQAU,1390
a0g9N00000029RHQAY,570 usd
a0g9N00000029RRQAY,570 usd
a0g09000001F4v0AAC,4880 €/t
a0g09000001F4v0AAC,4975 €/t
a0g09000001F4qIAAS,lme -15 €/to
a0g9N000000047eQAA,"lme plus mb dup rotterdam for p1020, average for the period 9th october – 31 oct., plus 20usd"
a0g9N0000000BThQAM,avg. lme cash sep + 100 €/mt
a0g9N000000047eQAA,lme +150 usd
a0g9N0000000BThQAM,avg. lme cash sep + 175 €/mt
a0g9N00000005fzQAA,fixed price
a0g9N00000005fzQAA,fixed price
a0g9N0000000BThQAM,avg. lme cash sep + 175 €/mt
a0g9N0000000BThQAM,spot 9 oct + 80€/mt
a0g09000001F4qIAAS,"96,5%"
a0g09000001F4vuAAC,450 €/to
a0g09000001F4vuAAC,1140 €/t
a0g9N00000029RHQAY,620 usd
a0g9N00000029RRQAY,620 usd
a0g9N0000000BThQAM,spot 10 oct + 80 /mt
a0g9N0000000BThQAM,avg. lme cash sep + 175 /mt
a0g9N0000002AbmQAE,365
a0g9N0000002AbrQAE,280
a0g09000001F4pXAAS,2160 usd
a0g9N0000000y7HQAQ,65% lowest lme
a0g9N0000000y7HQAQ,5430 usd
a0g09000001F4xWAAS,lme +160 €/t
a0g09000001F4q0AAC,lme +140
a0g9N0000000EVfQAM,na
a0g09000001F4vjAAC,310€/mt
a0g09000001F4vjAAC,382€/mt
a0g09000001F4rJAAS,1400 €/mt
a0g09000001F4vfAAC,301€/mt
a0g09000001F4rJAAS,1230 €/mt
a0g09000001F4vfAAC,382€/mt
a0g09000001F4qIAAS,1940
a0g09000001F4tYAAS,lme + 150 eur/mt
a0g9N0000000BThQAM,avg prev month lme + 190€/mt
a0g09000001F4xWAAS,2050 €/t
a0g09000001F4xWAAS,lme+120 lme average previous month of delivery
a0g9N0000000rADQAY,avg. cash lme sep + 130 €/mt
a0g09000001F4quAAC,fix price
a0g09000001F4quAAC,fix price
a0g9N0000000BThQAM,avg. cash lme sep + 100€/mt
a0g9N0000000BThQAM,avg. cash lme sep + 175€/mt
a0g9N0000000fmfQAA,1890 €/to
a0g09000001F4y4AAC,lme - 305 eur/mt
a0g09000001F4y4AAC,lme - 90 eur/mt
a0g9N0000001zHyQAI,lme + 150 eur/mt
a0g9N000000068AQAQ,lme+105 usd
a0g09000001F4r4AAC,lme
a0g09000001F4r4AAC,lme
a0g9N0000001zL9QAI,lme +130
a0g9N0000001zL9QAI,+115 usd
a0g9N0000000680QAA,lme +120 €/to
a0g9N0000000fmfQAA,1890 €/t
a0g09000001F4qIAAS,2010 €/t
a0g09000001F4qIAAS,2010 €/t
a0g9N00000024GXQAY,95.15% lowest lme
a0g9N00000024GXQAY,96.8% lme 3 months
a0g9N0000002OQ8QAM,bdsv sorte 1 -90
a0g9N0000002OQNQA2,vdm v4a -10
a0g09000001F4ryAAC,vdm v4a -360
a0g9N0000002OIzQAM,cu lme lowest -800
a0g9N0000002OQmQAM,vdm v2a -80
a0g9N0000002OWYQA2,vdm v4a -10
a0g9N0000002OQDQA2,bdsv sorte 1 -90
a0g9N0000002OWiQAM,vdm v2a -30
a0g9N0000002OWnQAM,vdm v2a -460
a0g9N0000002OPyQAM,vdm v2a +50
a0g09000001FmIsAAK,not applicable - stock correction
a0g9N0000001PHPQA2,lme + 110 eur/mt
a0g09000001F4tYAAS,lme + 75 eur/mt
a0g9N0000000Ff6QAE,not applicable - correction
a0g09000001F4tYAAS,lme + 100 eur/mt
a0g9N0000000Ff6QAE,102% lme (m-1)
a0g09000001F4tXAAS,lme -50€/mt
a0g9N0000000Ff1QAE,2016 €/t
a0g9N0000000BThQAM,avg. cash lme oct + 85€/mt
a0g9N0000000BThQAM,avg. cash lme oct + 175€/mt
a0g09000001F4uuAAC,fixed price
a0g09000001F4uuAAC,63% lme
a0g09000001F4pXAAS,lme +70
a0g9N000000068AQAQ,lme+105 usd
a0g9N000000068AQAQ,mb average month of delivery -40usd ; lme in sellers choice
a0g09000001F4vVAAS,1910 €/t
a0g09000001F4vVAAS,1790eu/mt
a0g09000001F4tXAAS,lme -100€/mt
a0g9N0000000fmfQAA,avg. cash lme oct + 80€/mt
a0g9N0000000BThQAM,avg. lme cash oct + 155€/mt
a0g09000001F4tqAAC,lme -396€/mt
a0g09000001F4tqAAC,lme -240€/mt
a0g9N0000000Ff6QAE,102% average lme previous month of delivery
a0g9N0000000Ff6QAE,2010 €/t
a0g9N000000068AQAQ,+90 usd
a0g09000001F4wjAAC,19000
a0g09000001F4tIAAS,fixpreis
a0g09000001F4tMAAS,fixpreis
a0g09000001F4wjAAC,fixpreis
a0g09000001F4tIAAS,20000
a0g09000001F4tMAAS,19000
a0g09000001F4u5AAC,"94,75% lme"
a0g09000001F4qjAAC,1900 €/t
a0g09000001F4vjAAC,301€/mt
a0g09000001F4vfAAC,367€/mt
a0g09000001F4y4AAC,lme - 225 eur/mt
a0g09000001F4qaAAC,vdm aluminiumguss - 250 €/to
a0g09000001F4vuAAC,500 €/t
a0g09000001F4vuAAC,1160
a0g09000001F4vfAAC,367€/mt
a0g09000001F4vfAAC,302€/mt
a0g09000001F4tpAAC,98.75%
a0g9N0000000KIHQA2,89% lme
a0g09000001F4tYAAS,lme - 165
a0g09000001F4tXAAS,98% lme
a0g09000001F4xWAAS,spot lme 2010+20€
a0g09000001F4xWAAS,lme m-1 +120
a0g9N0000000KIHQA2,1.414
a0g9N0000000KIHQA2,1414 €/t
a0g09000001F4wvAAC,fixed price
a0g9N00000024GXQAY,lme -150
a0g9N0000000y7HQAQ,65% - 120 usd/mt
a0g9N0000000y7HQAQ,5330 usd/mt
a0g09000001F4tXAAS,lme - 285
a0g09000001F4y4AAC,lme - 90 eur/mt
a0g9N0000000680QAA,lme +140
a0g09000001FmHkAAK,lme -200
a0g09000001F4vGAAS,fixed price
a0g09000001F4qHAAS,2 000
a0g09000001F4tpAAC,lme-165
a0g09000001F4qHAAS,1 935€/t
a0g09000001F4qHAAS,al-lme 102%
a0g9N0000000Ff1QAE,1 960 €/t
a0g9N0000000Ff6QAE,102% averge previous month of delivery
a0g09000001F4rnAAC,lme - 95 eur/mt
a0g9N0000003O5YQAU,lme - 200
a0g09000001F4tXAAS,lme - 80 eur/mt
a0g09000001F4vVAAS,lme-200
a0g09000001F4vVAAS,1700eu/mt
a0g09000001F4vVAAS,1700 €/mt
a0g9N0000000BTmQAM,avg. cash lme nov. + 175€/mt
a0g9N0000001rxvQAA,92% lme
a0g9N0000000KHxQAM,785
a0g9N0000000WMEQA2,lme-30
a0g09000001F4vtAAC,.
a0g09000001F4qHAAS,na
a0g09000001F4tHAAS,fixpreis
a0g09000001F4tLAAS,fixpreis
a0g09000001F4tLAAS,fixpreis
a0g09000001F4tIAAS,fixpreis
a0g09000001F4qIAAS,not applicable - stock correction
a0g09000001F4u6AAC,not applicable - stock correction
a0g09000001F4tYAAS,not applicable - stock correction
a0g09000001F4tYAAS,not applicable - stock correction
a0g9N00000005fuQAA,not applicable - correction
a0g9N0000000CbsQAE,not applicable - correction
a0g09000001F4qHAAS,lme -20 €/t
a0g09000001F4sZAAS,fixed price
a0g09000001F4sZAAS,fixpreis
a0g09000001F4rqAAC,fixpreis
a0g09000001F4rqAAC,fixpreis
a0g09000001F4swAAC,sn lme x sn gehalt - 2.600
a0g09000001F4swAAC,sn lme x sn gehalt - 1.500
a0g09000001FmIxAAK,lme - 155 eur/mt
a0g09000001FmJ2AAK,lme + 60 eur/mt
a0g09000001F4qlAAC,1340eu/mt
a0g09000001F4qlAAC,1500€/mt
a0g09000001F4vuAAC,1175 euro/to
a0g09000001F4vuAAC,1175 euro/to
a0g09000001F4y4AAC,99% lme
a0g9N0000000KHsQAM,910
a0g9N0000001rxqQAA,lme - 420 eur/mt
a0g9N0000001rxqQAA,cu-lme l.o.t.f - 290€ * (cu+sn)-content
a0g9N0000000BTmQAM,2127.78
a0g9N0000002n5RQAQ,lme+365 usd
a0g9N0000002n5RQAQ,lme+440usd
a0g9N0000000WLuQAM,1800 €/t
a0g9N0000000685QAA,lme +80
a0g09000001F4rJAAS,1530€/mt
a0g09000001F4rJAAS,1530€/mt
a0g09000001FmIsAAK,lme + 100 eur/mt
a0g09000001F4xWAAS,1 980
a0g09000001F4qnAAC,lme - 15 eur/mt
a0g09000001F4tpAAC,lme - 200 eur/mt
a0g09000001F4u5AAC,lme - 435 eur/mt
a0g09000001F4pIAAS,"lme x 0,93"
a0g9N0000002nDpQAI,lme -200
a0g9N00000024GXQAY,lme -100€/mt
a0g09000001F4raAAC,fixpreis
a0g09000001F4raAAC,fixpreis
a0g09000001F4vjAAC,286€/mt
a0g09000001F4vjAAC,362€/mt
a0g09000001F4vjAAC,296€/mt
a0g9N0000000fmfQAA,avg. lme cash previous month to delivery + 65€/mt
a0g09000001F4twAAC,"(lme - 420) * 0,97"
a0g9N0000002fpqQAA,"(lme-460)*0,86"
a0g09000001F4tjAAC,auf auswertung
a0g9N00000024GXQAY,lme -85€/mt
a0g09000001F4qIAAS,lme +50
a0g09000001F4qjAAC,lme -100
a0g09000001FmIxAAK,lme + 30 eur/mt
a0g09000001FmIxAAK,lme + 90 eur/mt
a0g09000001F4suAAC,lme - 100
a0g09000001F4utAAC,4 710
a0g09000001F4utAAC,65% lme
a0g09000001F4sRAAS,fixed price
a0g09000001F4sRAAS,1 980
a0g9N0000001NuvQAE,lme -15
a0g9N0000001NuvQAE,lme -50
a0g09000001F4vuAAC,1300 euro
a0g09000001F4uzAAC,4880 €/t
a0g09000001F4uwAAC,4150 €/t
a0g09000001F4uzAAC,5000 €/t
a0g09000001F4uwAAC,4250 €/t
a0g09000001F4u5AAC,lme - 400
a0g09000001F4pYAAS,lme flat
a0g09000001F4qIAAS,lme +30
a0g09000001F4sHAAS,1200
a0g09000001F4sHAAS,1190
a0g09000001F4pYAAS,lme +30
a0g9N0000002yaJQAQ,price + financing fee (2570 $ / t)
a0g9N0000002yE3QAI,price + financing fee (2570 $ / t)
a0g9N0000002yaJQAQ,price + financing fee (2621.51 $ / t)
a0g9N0000002yE3QAI,"fixed price ( 2,621.51 usd/mt)"
a0g09000001F4qIAAS,1985 €/t
a0g9N0000000wiZQAQ,lme - 20 eur/mt
a0g09000001F4qIAAS,1600 €/t
a0g9N0000002n5RQAQ,+440usd
a0g9N0000002n5MQAQ,+365 usd
a0g09000001F4vjAAC,402€/mt
a0g09000001F4vjAAC,322€/mt
a0g9N0000000BTmQAM,avg. cash lme previous month delivery + 140€/mt
a0g09000001F4tXAAS,lme + 80 eur/mt
a0g9N0000002zhoQAA,fixed (335 usd/mt)
a0g9N0000002zhoQAA,fixed (325 eur/mt)
a0g9N0000001zIwQAI,bdsv 2/8 +60
a0g9N0000001zuNQAQ,bdsv -20
a0g9N0000001zHyQAI,lme +10
a0g9N0000002i55QAA,"euwid großhandelsankaufpreise für altmetalle, al-schrott, alu-blechabfälle, max. 5% , unterer wert euwid +350"
a0g9N0000002i5ZQAQ,"euwid großhandelsankaufpreise für altmetalle, al-schrott, alu-blechabfälle, max. 5% , unterer wert euwid +550"
a0g9N0000002i5PQAQ,"großhandels ankaufpreise für altmetalle, al-schrott, guss-schrott, max. 2% fe, unterer wert euwid +400"
a0g09000001F4tXAAS,94.85% lowest lme (eur)
a0g9N00000024GXQAY,96.75% 3m lme (usd)
a0g09000001F4qIAAS,lme -120
a0g09000001F4qIAAS,al lme +50 (20.12.23)
a0g9N0000002AbrQAE,0
a0g9N00000031JsQAI,1800
a0g09000001F4tYAAS,7
a0g09000001F4tYAAS,7
a0g09000001F4pIAAS,1800 €/t
a0g9N0000002nDVQAY,test
a0g9N0000002nDkQAI,test
a0g09000001F4tYAAS,lme flat
a0g9N00000032v6QAA,lme + 228 usd
a0g9N00000032v6QAA,lme + 298 usd
a0g09000001F4pHAAS,lme average month of delivery * 0.93
a0g09000001FmIxAAK,lme + 130 eur/mt
a0g09000001FmIxAAK,lme + 30 eur/mt
a0g9N0000003g5PQAQ,lme - 290 eur/t
a0g09000001FmIxAAK,lme + 30 eur/mt
a0g9N0000003g5PQAQ,lme - 290 eur/mt
a0g09000001F4tXAAS,lme - 25 eur/mt
a0g09000001F4tXAAS,lme - 18 eur/mt
a0g09000001F4tXAAS,lme + 117 eur/mt
a0g9N000000364yQAA,"fixed 2,657 usd/mt"
a0g9N0000003653QAA,"fixed 2,657 usd/mt"
a0g9N0000003653QAA,"fixed 2,706.05 usd/mt"
a0g9N000000364yQAA,"fixed 2,706.05 usd/mt"
a0g09000001F4tqAAC,lme - 295 €/mt
a0g09000001F4tqAAC,lme - 140€/mt - transport difference (20€)
a0g09000001F4vuAAC,lme*0.1
a0g09000001FmHkAAK,not applicable - correction
a0g09000001F4vGAAS,not applicable - stock correction
a0g09000001F4pSAAS,not applicable - stock correction
a0g9N0000002nDkQAI,lme*0.87
a0g09000001F4pIAAS,lme*0.93
a0g9N0000002nDVQAY,lme*0.95
a0g09000001F4qHAAS,1 900
a0g09000001F4tqAAC,lme - 280€/mt
a0g09000001F4vWAAS,lowest of the 4 official al lme quotations of notification day - 300 eu/mt
a0g09000001F4qpAAC,1490eu/mt
a0g09000001F4qpAAC,1600eu/mt
a0g09000001F4tqAAC,lme - 100€/mt
a0g09000001F4tqAAC,99% lme
a0g09000001F4qHAAS,"96,5%"
a0g9N0000000685QAA,2 110 €/t
a0g9N0000000rADQAY,lme-70
a0g9N0000000WLzQAM,lme+125
a0g9N0000000WLpQAM,lme-30
a0g9N0000000WM9QAM,lme-30
a0g09000001F4qHAAS,2 000 €/t
a0g09000001F4qHAAS,2 000
a0g9N0000003DyJQAU,4000
a0g9N0000003DyJQAU,4500
a0g9N0000003DyJQAU,fixed
a0g09000001F4qHAAS,103%
a0g09000001F4u5AAC,lme -395€/mt
a0g9N0000002nDpQAI,1800 €/t
a0g09000001F4v6AAC,fixpreis
a0g09000001F4v6AAC,fixpreis
a0g09000001F4sRAAS,fixpreis
a0g09000001F4rJAAS,1 200
a0g09000001F4xWAAS,1 970
a0g09000001F4rKAAS,1400€/mt
a0g09000001F4xWAAS,lme +10
a0g09000001FmHkAAK,lme -70
a0g9N00000029RCQAY,fixed price
a0g9N0000001zHyQAI,lme - 80€/mt
a0g09000001F4vWAAS,lowest of the 4 unknown official lme quotations - 300eu/mt
a0g09000001F4r4AAC,...
a0g09000001F4r4AAC,...
a0g09000001F4rHAAS,lme -40
a0g9N00000029RCQAY,1315
a0g9N0000002YriQAE,lme +mb -35 (m-1)
a0g09000001F4vjAAC,342€/mt
a0g9N0000001zHyQAI,lme - 80 €/mt
a0g09000001F4vjAAC,427€/mt
a0g9N0000002AbmQAE,380
a0g9N0000002R5WQAU,410
a0g9N0000002AbmQAE,387
a0g9N0000002R5WQAU,407
a0g9N0000000680QAA,+120
a0g09000001F4rqAAC,fixpreis
a0g09000001F4rqAAC,fixpreis
a0g09000001F4tvAAC,lme - 10%
a0g9N0000002fpqQAA,lme - 20%
a0g09000001F4tjAAC,auf auswertung
a0g9N0000003LYgQAM,97% lme lowest (cu)
a0g09000001F4tvAAC,lme - 10%
a0g9N0000002fpqQAA,lme - 10%
a0g09000001F4tjAAC,au auswertung
a0g09000001F4tvAAC,"(lme - 420) * 0,97"
a0g9N0000002fpqQAA,"(lme - 460) * (cu%-1%) (auf auswertung proforma preis: (lme-460) * 0,8638))"
a0g09000001F4uVAAS,"(lme - 250) * 0,7 - 350"
a0g09000001F4tjAAC,auf auswreutng
a0g9N0000000wieQAA,lme -115€/mt
a0g09000001F4tjAAC,auf auswertung
a0g09000001F4tvAAC,lme - 10%
a0g9N0000002fpqQAA,lme - 20%
a0g9N0000002fq0QAA,90% lowest lme
a0g9N0000002fq0QAA,91%
a0g09000001F4yAAAS,"7,470"
a0g09000001F4saAAC,fixpreis
a0g09000001F4sZAAS,fixed price
a0g09000001F4xWAAS,lme +20
a0g09000001F4xWAAS,lme +20
a0g09000001F4ptAAC,1410
a0g09000001F4rHAAS,lme -130
a0g9N000000067qQAA,1400 €/t
a0g09000001F4puAAC,1490 €/t
a0g09000001F4xWAAS,lme +80
a0g9N0000000BTmQAM,lme +60
a0g9N0000002nDpQAI,1765€/t
a0g9N0000002a74QAA,bdsv +120
a0g9N0000003LYgQAM,"96,5% lme (cu)"
a0g09000001F4rqAAC,fixed price
a0g09000001F4rqAAC,fixed price
a0g09000001F4uuAAC,fixpreis
a0g09000001F4uuAAC,"61,75% cu lme spot vom 23.01.23"
a0g09000001F4tHAAS,fixpreis
a0g09000001F4tLAAS,fixpreis
a0g09000001F4tHAAS,fixpreis
a0g09000001F4tLAAS,fixpreis
a0g09000001FmJ7AAK,lme +120€/mt
a0g09000001FmJ7AAK,lme -40€/mt
a0g9N0000000lyzQAA,93% lme (m-1)
a0g09000001F4pfAAC,94% lme (m-1)
a0g09000001F4rHAAS,90% lme (m-1)
a0g09000001F4pfAAC,1790 €/t
a0g9N0000000lyzQAA,89% lme
a0g09000001FmIxAAK,lme - 150 eur/mt
a0g09000001F4qIAAS,1850 €/t
a0g09000001F4suAAC,fixpreis
a0g09000001F4uSAAS,fixpreis
a0g09000001F4suAAC,fixpreis
a0g09000001F4uSAAS,fixpreis
a0g09000001FmJ2AAK,lme - 145 eur/mt
a0g09000001F4qIAAS,lme +30
a0g09000001F4qHAAS,1 750
a0g09000001F4sRAAS,fixed price
a0g09000001F4sRAAS,fixed price
a0g9N0000001rxqQAA,"93,8% lme (cu)"
a0g9N0000001rxqQAA,lme - 330 eur/mt
a0g09000001F4uOAAS,fixpreis
a0g09000001F4uQAAS,fixpreis
a0g09000001F4uOAAS,fixpreis
a0g09000001F4uQAAS,fixpreis
a0g09000001FmJ7AAK,lme + 120 eur/mt
a0g09000001FmG8AAK,fixed price
a0g9N0000003QufQAE,al lme + mb - 60 usd
a0g9N0000003QufQAE,al lme + mb flat
a0g9N0000000I98QAE,fixed price
a0g09000001F4qpAAC,1560eu/tn
a0g09000001F4qpAAC,1460eu/tn
a0g9N0000000E6oQAE,1 400
a0g9N0000000E6oQAE,fixpreis
a0g09000001F4raAAC,fixpreis
a0g09000001F4raAAC,fixpreis
a0g9N0000003SivQAE,600 mit wko veränderung
a0g09000001F4qHAAS,2 030 €/t
a0g9N0000002nDpQAI,lme -300
a0g9N0000002nDpQAI,1850 €/t
a0g9N000000067qQAA,lme + 55 eur/mt
a0g09000001F4qIAAS,"lme -150 (01.02.24: al lme 2.045,31)"
a0g9N0000003SjFQAU,fixed price
a0g9N0000003LYgQAM,"94,62% lme (cu)"
a0g09000001F4qIAAS,fixpreis
a0g9N0000002OIzQAM,cu lme -360 x (cu-inhalt -1)
a0g9N0000002OPZQA2,900
a0g9N0000002OWdQAM,1 950
a0g09000001F4svAAC,18 300
a0g9N0000002OWYQA2,fixpreis
a0g9N0000002mymQAA,fixpreis
a0g09000001F4svAAC,sn lme x sn gehalt -1.500
a0g9N0000003LYgQAM,"96,5% lme (cu)"
a0g9N0000003VJKQA2,fixpreis
a0g9N0000003VJKQA2,fixpreis
a0g9N0000000E6oQAE,fixpreis
a0g9N0000000E6oQAE,range lead with impurities at a recovery basis (list)
a0g9N0000000E6tQAE,clean lead at 87% lme x 2170.50 usd/mt
a0g9N0000000E6tQAE,lead with impurities at a recovery basis
a0g09000001F4vGAAS,fixed price
a0g09000001F4vGAAS,bdsv -50
a0g9N0000003g5PQAQ,lme - 330 eur/mt
a0g9N0000003RNlQAM,2500 usd/mt
a0g9N0000003RNlQAM,2561 usd/mt
a0g09000001F4r4AAC,900 €/t
a0g09000001F4r4AAC,auf auswertung
a0g9N0000000Ff6QAE,1950€/t
a0g9N0000000Ff6QAE,102% (m-1)
a0g9N0000000MHiQAM,695 €/t
a0g9N0000000MHiQAM,900€/t
a0g09000001F4u6AAC,lme*0.97
a0g9N0000000lyzQAA,1830 €/t
a0g09000001FmJ7AAK,lme - 20
a0g09000001F4roAAC,lme -280 (lowest of the 4 official lme)
a0g09000001F4roAAC,lme - 280
a0g9N0000001zJrQAI,spot
a0g09000001F4qHAAS,1 920
a0g09000001F4uzAAC,5 060 €/t
a0g09000001F4uzAAC,"[(58%*cullme) +(42%*znllme) ]*93,5% = fix 20/02 cu 7747.73 zn 2154.10 = 5047,50"
a0g09000001F4rHAAS,1920 €/t
a0g09000001F4rHAAS,lme -20
a0g09000001F4xWAAS,lme+160
a0g9N000000047eQAA,2100 usd/mt
a0g9N000000047eQAA,2142.50 usd/mt
a0g9N000000047eQAA,"2,100 usd/mt"
a0g9N000000047eQAA,"2,142.50 usd/mt"
a0g9N0000001ztjQAA,bdsv 2/8 - 40 euro/mt
a0g9N0000002a6zQAA,-40
a0g9N0000003aO3QAI,97.5% lowest lme cu average previous month of delivery
a0g9N00000024GXQAY,96.9% lme 3 months
a0g9N00000024GXQAY,95.5% lowest lme (eur)
a0g09000001F4pUAAS,lme-90
a0g09000001F4vuAAC,1160 €/t
a0g09000001F4vuAAC,1375 eur/ mt
a0g9N0000000BTmQAM,1900
a0g9N0000001zIwQAI,bdsv 2/8 +130
a0g09000001FmHkAAK,lme+mb (avg chosen day) -250
a0g9N0000000WMEQA2,lme+mb (avg chosen day) -250
a0g09000001F4wyAAC,me+mb (avg chosen day) -490
a0g9N0000002i5PQAQ,400
a0g9N0000002i5ZQAQ,550
a0g9N0000002i55QAA,350
a0g9N0000003SiqQAE,fixed price
a0g09000001F4tqAAC,lme -80€/mt
a0g09000001F4tqAAC,lme -65€/mt
a0g09000001F4vjAAC,350€/mt
a0g09000001F4vjAAC,435€/mt
a0g09000001F4v2AAC,(63% lme cu + 37% lme zn)- 530
a0g9N0000003aznQAA,bdsv 2/8 -10
a0g9N0000003azxQAA,bdsv 2/8 +20
a0g9N0000003b0MQAQ,bdsv 2/8 -80
a0g9N0000001rxqQAA,lme - 900
a0g9N0000000fmfQAA,avg. lme cash feb. + 65€/mt
a0g9N0000000fmfQAA,lme jan - 60 €/mt
a0g09000001F4v2AAC,spot
a0g9N0000003eesQAA,spot
a0g9N0000003eeYQAQ,lme - 790
a0g9N0000003eeJQAQ,lme - 790€/t
a0g9N0000003eeiQAA,lme - 790
a0g9N0000003eeOQAQ,lme - 790
a0g09000001F4vjAAC,350€/mt
a0g9N0000000y7CQAQ,lme-530
a0g9N0000000y7lQAA,-900
a0g09000001F4v2AAC,lme-530
a0g9N0000001rxqQAA,lme-900
a0g9N000000047jQAA,"metal bulletin rotterdam, aluminum low-high premium,  p1020a, duty un- paid, ingot, usd per tonne” averaged over the quotational  period  minus  70  usd"
a0g9N000000047jQAA,"metal bulletin rotterdam, aluminum low-high premium,  p1020a, duty un- paid, ingot, usd per tonne” averaged over the quotational  period  minus  70  usd"
a0g9N000000047jQAA,"metal bulletin rotterdam, aluminum low-high premium,  p1020a, duty un- paid, ingot, usd per tonne” averaged over the quotational  period  plus 5  usd"
a0g9N000000067qQAA,lme +140
a0g09000001FmIxAAK,lme - 190 eur/mt
a0g09000001FmIxAAK,lme - 90 eur/mt
a0g09000001F4vjAAC,435€/mt
a0g09000001F4tXAAS,lme - 25 eur/mt
a0g09000001F4tXAAS,lme + 117 eur/mt
a0g9N0000002nDpQAI,1820 €/t
a0g09000001F4rFAAS,lme jan. + 65 €/mt
a0g9N0000003feqQAA,lme - 100eu/mt
a0g9N0000003feqQAA,lme - 245eu/mt
a0g09000001F4wjAAC,fixpreis
a0g09000001F4wjAAC,fixpreis
a0g09000001F4xrAAC,5780 usd/mt
a0g9N0000000685QAA,lme +150
a0g9N0000000685QAA,lme +100
a0g09000001F4tqAAC,not applicable - stock correction
a0g09000001F4vjAAC,355
a0g09000001F4pTAAS,lme -90
a0g09000001F4twAAC,fixpreis
a0g09000001F4twAAC,fixpreis
a0g9N0000000wieQAA,lme -90€/mt
a0g09000001F4rHAAS,1925 €/t
a0g09000001F4suAAC,lme - 80 eur/mt
a0g9N0000003fvJQAQ,"2,018.12 usd/mt"
a0g9N0000000685QAA,lme + 20
a0g09000001F4xrAAC,"5,530 usd/mt"
a0g9N0000003LYgQAM,"94,62% lme (cu)"
a0g9N000000047eQAA,"2,423 usd/mt"
a0g9N0000003LYgQAM,"96,5% lme (cu)"
a0g9N000000047eQAA,2471.51 usd/mt
a0g09000001F4pRAAS,"95,5% m-1 of loading"
a0g9N0000003g4MQAQ,5520 usd/mt
a0g9N0000003g4MQAQ,"5,620 usd/mt"
a0g09000001F4vGAAS,fixed price
a0g9N00000029RCQAY,fixed price
a0g9N0000003g5UQAQ,"pay 97.50%;  of the final copper content of the raw material at the london metal exchange cash settlement quotation for grade “a” copper as published in the fastmarkets in us$ and the quotational period, if the copper is more than 99.50%.  the buyer has r"
a0g9N0000000Ff1QAE,1 950
a0g9N0000000Ff6QAE,102% m-1
a0g09000001F4rHAAS,lme -20
a0g09000001F4rnAAC,"cu € lme 96,4%"
a0g09000001F4rnAAC,lme -110€/mt
a0g9N00000029RCQAY,fixed price
a0g9N00000029RCQAY,fixed price
a0g09000001F4sqAAC,fixpreis
a0g09000001F4sqAAC,fixed price
a0g9N000000047jQAA,2420 usd/mt
a0g9N000000047jQAA,"2,464.47 usd/mt (convert to eur)"
a0g9N000000047jQAA,"2,464.47 usd/mt (convert to eur)"
a0g9N000000047jQAA,"2,464.47 usd/mt (convert to eur)"
a0g09000001F4pTAAS,lme +40
a0g9N0000000BTmQAM,2090
a0g9N0000001zaGQAQ,-90
a0g09000001F4pTAAS,lme -90 €/t
a0g09000001F4rnAAC,lme - 225 eur/mt
a0g9N0000003aLnQAI,fixpreis: 1600 eur/mt
a0g09000001F4uHAAS,lme - 225 (minus handling costs: 85eur/h)
a0g09000001F4tvAAC,lme - 650 eur/mt
a0g09000001F4tXAAS,7 600
a0g09000001F4tXAAS,lme +70€/mt
a0g09000001F4tXAAS,lme-100 eur/mt
a0g09000001F4tYAAS,lme flat eur/mt
a0g09000001F4pTAAS,lme-20
a0g9N0000002nDpQAI,1790 €/t
a0g9N0000000FewQAE,lme +120 usd
a0g9N0000000Ff1QAE,lme +152.5
a0g9N0000000Ff1QAE,lme +152.5
a0g09000001F4tLAAS,fixpreis
a0g09000001F4tLAAS,fixpreis
a0g9N0000001zHyQAI,fixpreis
a0g9N0000001zHyQAI,fixpreis
a0g09000001F4uzAAC,5000 €/t
a0g09000001F4uwAAC,4250 €/t
a0g09000001F4uzAAC,5085 €/to
a0g09000001F4uwAAC,4320 €/t
a0g9N0000000lyzQAA,98%
a0g09000001F4pTAAS,103%
a0g09000001F4syAAC,"68% pb lme bei 75%pb+sb, fe/steel: 0,50% max balance: copper,brass,sand as per photos(lme lowest 04.03.2024)"
a0g9N0000000E6tQAE,"84% pb lme, pb + sb 75% min fe/steel: 0,50% max balance: copper,brass,sand as per photos"
a0g09000001F4raAAC,fixpreis
a0g09000001F4raAAC,fixpreis
a0g09000001F4qbAAC,fixpreis
a0g09000001F4qbAAC,fixpreis
a0g09000001F4qlAAC,1540
a0g09000001F4qQAAS,lme -150
a0g9N0000002nDpQAI,lme-250
a0g09000001F4pmAAC,lme-550
a0g09000001F4qlAAC,1340eu/mt
a0g09000001F4rJAAS,1390
a0g9N0000003hPbQAI,96
a0g9N0000003hPlQAI,100
a0g09000001F4v6AAC,fixpreis
a0g09000001F4v6AAC,fixpreis
a0g9N0000000Ff1QAE,1 950
a0g09000001F4tHAAS,17 000
a0g9N0000000FewQAE,102% lme (m-1) eur/mt
a0g09000001F4tHAAS,fixpreis
a0g09000001F4vjAAC,358
a0g9N0000001OUTQA2,fixpreis
a0g09000001F4qHAAS,not applicable - correction
a0g09000001F4uLAAS,1 200
a0g09000001F4uLAAS,fixpreis
a0g09000001F4qIAAS,1950 €/t
a0g09000001F4qIAAS,2020 €/t
a0g09000001F4q0AAC,lme +120 €/t
a0g09000001F4q0AAC,lme+120
a0g9N0000003QufQAE,lme+60 usd
a0g9N0000003QufQAE,lme +90 €/t
a0g9N0000002nDpQAI,1810 €/t
a0g9N0000002nDpQAI,1810 €/t
a0g09000001F4tqAAC,fixpreis
a0g09000001F4sHAAS,spot
a0g09000001F4rqAAC,spot
a0g9N0000003aFGQAY,spot
a0g09000001F4qPAAS,spot
a0g09000001F4uNAAS,spot
a0g9N0000001s2GQAQ,spot
a0g09000001F4pnAAC,spot
a0g09000001F4vVAAS,spot
a0g09000001F4wjAAC,spot
a0g9N0000000y7lQAA,spot
a0g09000001F4tkAAC,spot
a0g09000001F4uMAAS,spot
a0g9N0000000y7CQAQ,spot
a0g09000001F4sSAAS,spot
a0g09000001F4toAAC,spot
a0g9N0000003iCGQAY,spot
a0g9N0000003iCLQAY,spot
a0g9N0000003iCVQAY,spot
a0g09000001F4sfAAC,fixpreis
a0g09000001F4sgAAC,fixpreis
a0g9N0000000fl2QAA,1390
a0g09000001F4uzAAC,fixpreis 4.400€/t
a0g09000001F4uzAAC,fixpreis 4850€/t
a0g9N0000002OQNQA2,-10
a0g9N0000000jv0QAA,-25
a0g09000001F4ryAAC,-360
a0g9N0000002mymQAA,-80
a0g9N0000002n6UQAQ,lme-800
a0g09000001F4seAAC,-20
a0g09000001F4rKAAS,1130
a0g9N0000002OWnQAM,-460
a0g09000001FmG8AAK,-30
a0g9N0000002OPyQAM,50
a0g9N0000002OWYQA2,-10
a0g09000001F4tYAAS,lme - 225
a0g09000001F4qaAAC,-265
a0g9N0000001zHyQAI,100% lme (lme flat)
a0g9N0000003LYgQAM,"94,62% lme (cu)"
a0g9N0000003LYgQAM,"96,5% lme (cu)"
a0g09000001F4pRAAS,1 850
a0g09000001F4vjAAC,361
a0g09000001F4sqAAC,fixed price
a0g09000001F4pxAAC,lme + 45eu/mt
a0g09000001F4sqAAC,fixed price
a0g09000001F4s7AAC,fixpreis
a0g09000001F4vjAAC,435€/mt
a0g09000001F4qHAAS,1 980
a0g09000001F4vjAAC,370€/mt
a0g9N0000001zIwQAI,bdsv 2/8 +68
a0g09000001F4vjAAC,350
a0g09000001F4vjAAC,348
a0g09000001F4s7AAC,fixpreis
a0g09000001F4vjAAC,435€/mt
a0g9N0000000685QAA,l. lme + 160$
a0g09000001F4rJAAS,1415eu/tn
a0g09000001F4rJAAS,1500eu/tn
a0g09000001F4vKAAS,ni lme 70% vom 15.03.24
a0g09000001F4vKAAS,fixpreis
a0g9N0000003aO8QAI,fixprice
a0g09000001F4v2AAC,fixprice
a0g09000001F4tqAAC,lme -90€/mt
a0g09000001F4tqAAC,fixpreis
a0g09000001F4tqAAC,cu lme spot 18.03.24 8.200 €/t -300 €/t
a0g09000001F4tqAAC,lme -70€/mt
a0g09000001F4qPAAS,88% lme
a0g09000001F4r1AAC,1 725
a0g09000001F4qzAAC,1 450
a0g09000001F4qzAAC,1 000
a0g09000001F4r1AAC,1 750
a0g09000001F4r1AAC,3 100
a0g09000001F4r1AAC,fixpreis
a0g09000001F4qzAAC,fixpreis
a0g09000001F4r1AAC,fixpreis
a0g09000001F4qzAAC,fixpreis
a0g09000001F4r1AAC,fixpreis
a0g09000001F4tuAAC,6 700
a0g09000001F4tuAAC,fixpreis
a0g09000001F4swAAC,sn lme x sn gehalt - 1.50€/kg
a0g09000001F4swAAC,sn lme x sn gehalt - 4€/kg
a0g09000001F4tpAAC,cu lme -395
a0g09000001F4tpAAC,cu lme -190
a0g9N0000000WM9QAM,lme +30
a0g09000001F4pmAAC,69% lme
a0g09000001F4piAAC,1 700
a0g09000001F4piAAC,1 650
a0g09000001F4vjAAC,316€/mt
a0g09000001F4tuAAC,fixpreis
a0g09000001F4tuAAC,fixpreis
a0g09000001F4pTAAS,lme +50 €/t
a0g09000001F4piAAC,fixpreis
a0g09000001F4piAAC,fixpreis
a0g09000001F4vjAAC,350€/mt
a0g9N000000047jQAA,"2,458.51 usd/mt"
a0g9N000000047jQAA,"2,410 usd/mt"
a0g9N000000047eQAA,"2,458.51 usd/mt"
a0g9N000000047jQAA,"2,458.51 usd/mt"
a0g9N000000047jQAA,"2,458.51 usd/mt"
a0g9N000000047jQAA,"2,458.51 usd/mt"
a0g9N000000047jQAA,"2,410 usd/mt"
a0g09000001FmHkAAK,lme -180
a0gOj000000Stb3IAC,lme (cu) - 210 eur/mt
a0g9N0000003LYgQAM,lme (cu) - 580 eur/mt
a0g9N00000032v6QAA,tauschgeschäft
a0g9N00000032v6QAA,lme + 228 usd/mt or lme + 261 usd/mt (if spot fixation)
a0g09000001F4uZAAS,"94,6% lme (cu)"
a0g09000001F4uZAAS,lme - 330 eur/mt
a0g09000001F4wYAAS,fixpreis
a0g09000001F4qqAAC,fixpreis
a0g09000001F4wYAAS,fixpreis
a0g09000001F4qqAAC,fixpreis
a0g09000001F4vfAAC,"media cash settlement lme de los últimos 5 días (19/03-25/03) *0.87 = 2066,16* 0.87"
a0g09000001F4vfAAC,1870eu/tn
a0g09000001F4qpAAC,83.5% lme
a0g09000001F4tkAAC,(lme - 500) * cu% - 350
a0g9N0000003LYgQAM,"96,5% lme lowest (cu)"
a0g09000001F4vVAAS,1 200
a0g9N0000000685QAA,1 800
a0g9N0000003LYgQAM,"94,62%*lme (cu)"
a0g9N0000003LYgQAM,"96,5% lme lowest"
a0g9N00000029RHQAY,570 usd/mt
a0g9N0000000lyzQAA,2050 €/t
a0g9N0000000lyzQAA,98%
a0g09000001F4vjAAC,370
a0g09000001F4pRAAS,"2,044.03 usd/mt"
a0g09000001F4swAAC,"sn lme x sn gehalt - 3,50 €/kg"
a0g09000001F4vjAAC,355€/mt
a0g09000001F4swAAC,"sn lme x sn gehalt - 1,50 €/kg"
a0g9N0000003SigQAE,550 mit wko veränderung
a0g9N0000000685QAA,lme +150 or lme -70 if with iron
a0g9N0000000jCgQAI,cu lme -455€/mt x (cu inhalt -1eh)
a0g09000001F4qpAAC,91% lme
a0g9N0000000lyzQAA,2035 €/t
a0g9N0000000lyzQAA,2045 €/t
a0g9N0000002nDpQAI,1960 €/t
a0g09000001F4t8AAC,97% official lme 03/04
a0g09000001F4vjAAC,310
a0g09000001F4t8AAC,100% lme official 03/04/24
a0g09000001F4piAAC,fixed price
a0g09000001F4qaAAC,fixpreis
a0g09000001F4v0AAC,fixpreis
a0g09000001F4v0AAC,fixpreis
a0g09000001F4vjAAC,435€/mt
a0g09000001F4tqAAC,fixpreis
a0g09000001F4qIAAS,fixpreis
a0g09000001F4tqAAC,fixpreis
a0g9N0000001zuNQAQ,bdsv 2/8 +120 vormonat
a0g9N0000002z9nQAA,lme + 100 usd
a0g9N0000000685QAA,lme +170 €
a0g09000001F4xjAAC,0
a0g09000001F4xjAAC,- 60
a0g09000001F4uZAAS,lme - 330 eur/mt
a0g09000001F4uZAAS,"94,6% lme (cu) eur/mt"
a0g09000001F4vfAAC,1 805
a0g09000001F4vfAAC,1870eu/tn
a0g09000001F4tkAAC,fixed price base copper content min. 96%
a0gOj000000U8D3IAK,cu lme -420 x cu inhalt -1
a0g09000001F4vjAAC,355
a0g9N0000003LYgQAM,"94,6% lme (cu)"
a0g09000001F4pTAAS,1950 €/t
a0g09000001F4vjAAC,435€/mt
a0g09000001F4piAAC,lme -25
a0g09000001F4raAAC,fixpreis
a0g09000001F4piAAC,fixpreis
a0g09000001F4raAAC,fixpreis
a0g09000001F4peAAC,lme -50
a0g09000001F4swAAC,23 000
a0g09000001F4swAAC,"sn lme x sn gehalt - 1,50 €/kg"
a0g9N0000003g4MQAQ,5620 usd/mt
a0gOj000000YG7BIAW,"1,975 usd/mt"
a0gOj000000YG7BIAW,1775 usd/mt
a0gOj000000YGtZIAW,510 usd/mt
a0gOj000000YG7BIAW,2160 usd/mt
a0gOj000000YG7BIAW,1830 eur/mt
a0gOj000000YGrxIAG,508 usd/mt
a0g9N0000003g4MQAQ,5520 usd/mt
a0gOj000000YGtZIAW,545 usd/mt
a0gOj000000YGrxIAG,550 usd/mt
a0g09000001F4yAAAS,7767.76 usd/mt
a0g09000001F4rZAAS,fixed price
a0g09000001F4raAAC,fixpreis
a0g09000001F4vjAAC,310€/mt
a0g09000001F4vjAAC,359€/mt
a0g09000001F4vjAAC,435€/mt
a0g9N0000002nDkQAI,lme*0.87
a0g09000001F4pIAAS,lme*0.93
a0g09000001F4rsAAC,fixpreis
a0g09000001F4rsAAC,fixpreis 270€/t
a0g9N000000047eQAA,2500 usd/mt
a0g9N000000047jQAA,"2,536 usd/mt"
a0g9N000000047eQAA,"2,410 usd/mt"
a0g9N000000047eQAA,"2,444.64 usd/mt"
a0g09000001F4qWAAS,1 700
a0g09000001F4qWAAS,1850 € / mt. fixprice
a0g09000001F4vjAAC,345€/mt
a0g09000001F4vjAAC,435€/mt
a0g9N0000003g5UQAQ,lme -390€/mt
a0g09000001F4swAAC,98% sn lme x sn gehalt - 4.000
a0g09000001F4swAAC,98% sn lme x sn gehalt - 1.575
a0g09000001F4tpAAC,0
a0g09000001F4tpAAC,"fixpreis, 8400€/t"
a0g09000001F4rFAAS,2220 €/t
a0g09000001F4uzAAC,5670 €/t
a0g09000001F4rHAAS,1520 € / mt.
a0g09000001F4vjAAC,345€/mt
a0g09000001F4rHAAS,1 300
a0g09000001F4rFAAS,"1,4"
a0g09000001F4ptAAC,900
a0g09000001F4rGAAS,1660 € / mt.
a0g09000001F4puAAC,1100 €/ mt.
a0g09000001F4rFAAS,lme flat
a0g09000001F4vjAAC,435€/mt
a0g09000001F4uzAAC,5780 €/t
a0g09000001F4tXAAS,lme +55€/mt
a0g9N0000002OPZQA2,fixpreis
a0g9N0000002OPZQA2,fixed price
a0g09000001F4pTAAS,lme-90 €/t average month of delivery
a0g09000001F4pRAAS,lme-140
a0g9N0000000jCgQAI,"cu lme minus eur 340,00 / t basis 93 % cu-inhalt minus 1 einheit"
a0g9N0000003LYgQAM,"96,5% lme (cu)"
a0g9N0000003LYgQAM,"94,62% lme (cu)"
a0g9N0000001zuSQAQ,bdsv 2/8 +40
a0g09000001FmHkAAK,lme-100
a0g09000001F4vuAAC,1230 €/t
a0gOj000000blhVIAQ,0.64 usd/lb
a0gOj000000blhVIAQ,0.63 usd/lb
a0g09000001F4qIAAS,2250 €/t
a0g09000001F4qpAAC,1760eu/tn
a0g09000001F4qpAAC,1900eu/tn
a0g9N0000002nDpQAI,2240 €/t
a0g9N0000003b07QAA,bdsv 2/8 +56
a0g9N0000003b07QAA,bdsv 2/8 +85
a0g09000001F4pTAAS,lme-90 €/t average month of delivery
a0g09000001F4tXAAS,lme - 100 eur/mt
a0g09000001F4wiAAC,"fixpreis, 420€/t"
a0g9N0000001ry0QAA,"lme - 330€/mt * (cu%-0,5%)"
a0g09000001FmHkAAK,lme flat
a0g09000001F4tXAAS,lme +55€/mt
a0g9N0000001rxqQAA,"93,2% cu lme"
a0gOj000000cf29IAA,"94,6% cu lme"
a0gOj000000cf29IAA,lme - 330€/mt
a0g09000001F4rqAAC,bdsv 1 -100
a0g09000001F4q0AAC,90% lme
a0g09000001F4qIAAS,2400 €/t
a0g09000001F4q0AAC,lme flat
a0g9N0000000fl2QAA,1630 €/mt
a0g09000001F4qHAAS,1 950
a0g09000001F4tXAAS,"98,75% cu lme"
a0g9N0000000Y6KQAU,fixed price
a0g9N0000000Y6KQAU,fixed price
a0g9N0000002OQNQA2,fixpreis
a0g9N0000000BThQAM,2400 €/mt
a0gOj000000djN3IAI,104% lme lowest official 29/04
a0g9N0000000fl2QAA,1 300
a0g9N0000000fl2QAA,1520 €/mt
a0g09000001F4roAAC,"cu lme 96,4%"
a0g09000001F4roAAC,lme -110€/mt
a0g09000001F4qPAAS,fixed price
a0g09000001F4qPAAS,1 420
a0g09000001F4pXAAS,2 120
a0g09000001F4r3AAC,970
a0g09000001F4pzAAC,2 120
a0g9N0000000685QAA,2 170
a0g09000001F4pXAAS,fixed price
a0g09000001F4r3AAC,fixed price
a0g09000001F4pzAAC,fixed price
a0g9N0000000685QAA,fixed price
a0gOj000000djN3IAI,lme lowest official 30/04 - 60€/mt
a0gOj000000e6ebIAA,"6,385 usd/mt"
a0gOj000000e6ebIAA,"6,490 usd/mt"
a0gOj000000YG7BIAW,"1,830 usd/mt"
a0g09000001F4vjAAC,365€/mt
a0g9N0000003aF6QAI,1580eu/tn
a0g9N0000003aF6QAI,80% lme
a0g09000001F4r2AAC,fixpreis
a0g09000001F4r2AAC,fixpreis
a0g09000001F4r1AAC,fixpreis
a0g09000001F4r1AAC,fixpreis
a0g09000001F4qzAAC,fixpreis
a0g09000001F4r0AAC,fixpreis
a0g09000001F4wkAAC,18 000
a0g09000001F4vjAAC,350€/mt
a0g09000001F4wkAAC,18 000
a0g09000001F4tHAAS,21200
a0g09000001F4tLAAS,21000
a0g09000001F4wjAAC,20800
a0g09000001F4wjAAC,"21,00 eur/kg"
a0g09000001F4tLAAS,"21,75 eur/kg"
a0g09000001F4tHAAS,"22,15 eur/kg"
a0g09000001F4wjAAC,"22,15 eur/kg für bohrer; 21,75 eur/kg für wendeplatten"
a0g9N0000003fvJQAQ,"2,296.27 usd/mt"
a0g09000001F4vjAAC,430€/mt
a0g9N0000003g5PQAQ,"≥96 % : cu inhalt - 1 einheiten @ lmeo -  abschlag 390,00 eur/t zahlbar cu oder ≥98 % : cu inhalt - 1 einheiten @ lmeo -  abschlag 290,00 eur/t zahlbar cu"
a0gOj000000fYddIAE,fixed price
a0g09000001F4vjAAC,345€/mt
a0g09000001F4qpAAC,1740eu/mt
a0g09000001F4qpAAC,1870eu/tn
a0g9N0000000jCgQAI,"(lme - 455) * (cu%-1%) basis: 92% cu  (lme - 460) * (cu%-1%) basis: 91% cu  (lme - 465) * (cu%-1%) basis: 90% cu  (lme - 480) * (cu%-1,5%) basis: 89% cu  (lme - 495) * (cu%-1,5%) basis: 88% cu"
a0g09000001F4vjAAC,305€/mt
a0gOj000000blhVIAQ,"1,460 usd/mt"
a0gOj000000blhVIAQ,1400
a0g09000001F4vjAAC,429€/mt
a0g09000001F4vjAAC,430€/mt
a0g9N0000000lyzQAA,91% lme
a0g09000001F4qyAAC,bdsv+80
a0g09000001F4pfAAC,94%
a0g09000001F4pfAAC,1850 €/t
a0g09000001F4pfAAC,1900 €/t
a0g9N0000003aznQAA,bdsv 2/8 +25
a0g09000001F4xWAAS,2400
a0g09000001F4xVAAS,2300
a0g09000001F4xVAAS,lme 101.5%
a0g09000001F4vuAAC,1480€/mt
a0g09000001F4usAAC,fixpreis
a0g09000001F4usAAC,180
a0g9N0000000BThQAM,lme official 13/05 + 140€/mt
a0gOj000000hqszIAA,480 usd/mt
a0gOj000000hqszIAA,450 usd/mt
a0g09000001F4vxAAC,"3,200 usd/mt"
a0gOj000000hqubIAA,"3,675 usd/mt"
a0gOj000000hqrNIAQ,"9,910 usd/mt"
a0g09000001F4vxAAC,"3,120 usd/mt"
a0gOj000000hqubIAA,"3,600 usd/mt"
a0gOj000000hqplIAA,"1,430 usd/mt"
a0gOj000000hqplIAA,"1,550 usd/mt"
a0gOj000000hqrNIAQ,"10,050 usd/mt"
a0g09000001F4qIAAS,2200 €/t
a0g09000001F4vjAAC,351€/mt
a0g09000001F4qpAAC,1930eu/tn
a0g09000001F4vjAAC,335€/mt
a0g09000001F4vjAAC,427€/mt
a0g09000001F4vjAAC,350€/mt
a0g09000001F4rZAAS,"fixpreis, 635€/t"
a0g09000001F4vjAAC,430€/mt
a0g09000001F4rZAAS,600
a0g09000001F4vjAAC,337
a0gOj000000cf29IAA,"94,6% lme"
a0g9N0000001ry0QAA,"93,6% lme"
a0gOj000000cf29IAA,lme - 320€/mt
a0g9N0000001ry0QAA,"(lme - 320) * (cu% - 0,5%)"
a0g09000001F4rZAAS,fixed price
a0g09000001F4qaAAC,fixpreis
a0g09000001F4raAAC,fixpreis
a0g09000001F4qIAAS,2250 €/t
a0g09000001F4vjAAC,325
a0g09000001F4qpAAC,2040eu/tn
a0g09000001F4vuAAC,1330€/mt
a0g09000001F4vjAAC,340
a0g09000001F4vjAAC,305
a0g09000001F4peAAC,2200 €/t
a0g09000001F4peAAC,90.5% lme
a0g09000001F4vjAAC,427€/mt
a0g09000001F4vjAAC,430€/mt
a0g09000001F4vjAAC,427€/mt
a0g09000001FmIxAAK,lme-215 eur/mt
a0g09000001FmIxAAK,lme - 70 eur/mt
a0g9N000000047eQAA,"2,806.21 usd/mt"
a0g9N000000047jQAA,"2,740 usd/mt"
a0g09000001F4qcAAC,lme -100
a0g09000001F4tYAAS,lme - 50 eur/mt
a0g09000001F4xWAAS,104% avg. lme cash april
a0g9N0000000fl2QAA,1700€/mt
a0g9N0000003fvJQAQ,2296.27usd/mt
a0g9N0000000fl2QAA,1490€/mt
a0g09000001F4xWAAS,2200€/mt
a0g9N0000002nDpQAI,1765eu/tn
a0gOj000000kG9pIAE,1.105 usd/lb
a0gOj000000kG9pIAE,1.105 usd/lb
a0g9N0000002nDpQAI,"2127,27€/mt"
a0g9N0000001rxqQAA,92% cu-llme
a0g9N0000003eeJQAQ,92% cu-llme
a0g09000001F4toAAC,95% cu-llme
a0g9N0000003eeOQAQ,93% cu-llme
a0g9N0000003eeiQAA,93% cu-llme
a0g09000001F4v2AAC,93% alloy
a0g9N0000003iCaQAI,90% alloy
a0g9N0000000fmfQAA,avg. lme cash previous month + 115€/mt
a0g9N0000002nDpQAI,lme - 200€/mt
a0g9N0000003fvJQAQ,99% lme
a0g9N0000000wieQAA,lme -200€/mt
a0g09000001F4qIAAS,lme -5
a0g09000001F4qIAAS,2306 €/t
a0g09000001F4rsAAC,240€/t
a0g09000001F4qIAAS,2300 €/t
a0g09000001F4qIAAS,2300 €/t
a0g09000001F4taAAC,"fixpreis, 8500€/t"
a0g09000001F4u6AAC,"fixpreis, 8300€/t"
a0g09000001F4tqAAC,"fixpreis, 8600€/t"
a0g09000001F4tkAAC,fixpreis 7600€/t
a0g09000001F4tqAAC,fixpreis
a0gOj000000U8D3IAK,fixpreis
a0g09000001F4u6AAC,fixpreis
a0g09000001F4taAAC,fixpreis
a0g9N0000000lyzQAA,2340 €/t
a0g09000001FmHpAAK,lme -90
a0g09000001FmHpAAK,lme -140
a0g09000001F4qIAAS,2310 €/t
a0gOj000000mCA9IAM,1.07 usd/lb
a0gOj000000mCA9IAM,1.06 usd/lb
a0g09000001F4qIAAS,fixpreis
a0g9N0000002fq0QAA,"(10,421x89.75%)-130 = 9,222.84 usd/mt"
a0g9N0000002fq0QAA,"(10,378 x 89.75%) - 130 = 9,184.25 usd/mt"
a0g9N0000002fq0QAA,(llm-300 usd/mt) x cu content %
a0g9N0000003azsQAA,bdsv 2/8 +40
a0g09000001F4pTAAS,lme+90
a0g09000001F4shAAC,"fixpreis, 1100€/t"
a0g09000001F4vhAAC,1 050
a0g09000001F4rpAAC,100
a0g09000001F4slAAC,750
a0g09000001F4slAAC,750
a0g09000001F4vDAAS,1 050
a0g09000001F4slAAC,2 250
a0g09000001F4smAAC,fixpreis
a0g09000001F4vhAAC,fixpreis
a0g09000001F4rqAAC,fixpreis
a0g09000001F4smAAC,fixpreis
a0g09000001F4vDAAS,fixpreis
a0g09000001F4smAAC,fixpreis
