txt_material_comments_seller,cd_product_id
AN EW 6005,30030
1.4828,18038
"Zylinder
42 CrMo4
Zylinderaugen
S355
Zylinderrohr
MW450V",18060
Elektro Kupfer,18025
1.2343 und 1.2344,18038
1.4301 und besser,18037
"EN AW-5049 / EN AW-Al Mg2Mn0,8 gemäß DIN EN 573-3:2009-08

blanke Rippenrohe in 3m Stangen",10207
"IPCO1500/1650SM Rostfreier, hochfester martensitischer Stahl",18038
ST37,18061
"Alu-Gußplatten und Profile, G5-S/5083
ALMG 4,5MN
EN-AW-5083",30012
"CuSn10Zn, CuZn25Al5, CuAl10Ni, CuZn25Al5Ni, CuSn12 und CuSn7ZnPb (mit Grafit)",10148
1.4301,10046
1.4542 mit Zertifikat,18037
"Sie sind 26 Boxen aus blank und fabrig Aluminium Profile aufgebaut.
16 Boxen 10m
10 Boxen 6m
gesamte Gewicht ca. 3630 Kg",27735
"Das sind Schrauben, Beilagscheiben und Mutter.",18039
"Es handelt sich um eine alte Messehalle (40 x 40m) besteht aus Fachwerkträgern, Streben und Tragschalen(Trapezblech). 
Die Fachwerkträger bestehen aus Rohre 300mm x 10mm und 150mm x 8mm.",18060
1.4571,10161
"Stahlschrott, mit einigen Stahlgussstücken, Elektromotoren

Standort 65510 Idstein",18060
"1.4849 Gussteile, Lüfterflügel
1.4841 Streckmetall, Führungsgitter",18038
Es handelt sich um Heizkörper aus einem 40 Familienhaus aus dem Baujahr 1975,18060
Textilmaschinen,18060
"Kabelkupfer, Neu",18030
CU,18025
EN 10139 DC04 mit einer Fe/Zn5/Cn/T2 Oberflächenbehandlung nach EN ISO 2081,18060
4404,18039
"Analyse - Millberry

Reinheit: >99,78 %
Kohlenstoff: 0,03 %
Kobalt: 0,001 %
Eisen: 0,005 %
Phosphor: 0,01 %
Schwefel: 0,01 %
Zink: 0,003 %",18025
St 37-2 - ( St 52-3 ),18061
"Installationskabel NYM-I 3x1,5qmm bis 16qmm",18028
"Alles blank cupfer von  Kabel Reste  von E Mobilität Projekt. 
Kabel Mittel Spannung von 70mm²/16mm² Einzel Ader bis 300mm²/16mm2  min 64 % von Gewicht Kupfer",18025
3010,18037
Überwiegend Guss,18060
Werkstoff DC01A Stahl Blech / 1.0330 Material,18060
"Materilanalyse? Ich seh' mir das ganz genau an und halte im Zweifel einen extrem starken Magneten daran,  um etwaige Probleme abzusichern ....",18034
Millberry Blank,18025
99.8,18025
"Kupferband SM1100 (Cu-ETP), 99,9% Cu
(E-Cu nach DIN CW004A), weich,
Festigkeit R200 (RM/Mpa 200 – 250 N/mm²)
gemäß DIN/EN 1652,
Bruchdehnung mind. 30%
max. Ringgewicht ca. 500kg 
Abmessung Breite: 0,20 +/- 0,01 x 1000 -0 + 2mm
Länge ca. 280m",10090
1.4404 mit 3.1 Zeugnis,18039
1.4301,18037
1.4301,18037
"Dx51z100
Dc01",18060
AW5083,18037
Nym kabel ölflex gummikabel etc,18028
Nym kabel ölflex gummikabel etc,18028
st52,18060
"Stahlträger I 600 in 5 m Länge (Materialstärke 20-30 mm)
Gittermasten und sog. U-Masten in 6 bis 9 m Länge (Stromleitungsnetzmasten, Materialstärke 4 - 20 mm)
und sonstige Platten und Profile (Mindestmaterialstärke 5 mm)",18061
IPE 120 3300 lang mit Laschen,18061
Messing Erodierdraht CuZn37,31056
1.4509,18037
"Ringkerntransformator 150VA Sek. 2x30V/2,5A 
3 statische Schirme
72 Stück 1,55 kg/Stück
unbenutzt/neuwertig",10065
02 01 10,18060
S235 mit einer Zugfestigkeit >500N/mm2,18060
"- thinner copper cables (with steel/iron jacket and rubber
cover, aprox. 65% copper, 35% iron) 2361,3 kg",18030
Bagger O&K RH9,18061
"Der Hersteller dieser ""Zinn-Verpackung "" macht darüber keine besonderen Angaben.",18071
Stahl St37,18060
L 1.82M x B 1.50M x H2.10M,18060
HGJF6578,18025
Hhbb,18032
"Stückgewicht: 2.43kg (Total 3782 Stück)
- Kupfer: 590g --> 2231kg
- Aluminium: 235g --> 889kg
- Magnete, Stahl, wenig Kunststoff: 1605g --> 6070kg",10212
Es ist ein Auto vw Polo,31017
"CuAl10,4Ni3,9Fe3,8
(Cu80%)",18035
"CuAl10Ni4Fe4
Rohren",18032
Nein leider nicht,10099
"Kompostierungscontainer C2000 inkl. Schaltschrank mit Steuerung, Planetengetriebemotor, innen Schnecke aus Stahl (ca. 1,5t), Lüfter bestehend aus Rahmen aus Stahl (ca.  7t), innen Edelstahl (ca. 1,5t), außen Aluminium (ca. 500kg )",18037
"SN 100cs - sncu 0,7 Nig  99,25 zinn",18071
"SN 100CS - SnCu 0,7 Nig",18071
"SN 100CS - SnCu 9,7 Nig",18071
DIN EN 2.4856    Inconel 738,18038
"CuZn36Pb3, 2.0402 CuZn38Pb1.5, CuZn40Pb2",18032
"CuZn36Pb3, 2.0402 CuZn38Pb1.5, CuZn40Pb2",18032
Werkstoff 1.4541,10161
Reinheit > 99.9%,18071
Keine Dokumente,18060
Diverse alte Maschinen,18061
Kupferkabel 38%,18028
sauber,18060
Geschältes Kabel,18025
Nein,18060
"Mischschrott. Alte Heizkörper, Stahlträger, etc.",18060
Kupferrohre für Wasser.,18025
Alte spritzgießmaschine,18061
"Cu 79,43%
Sn     2,92%",18032
Ehemalige Lüftungsrohre beim WDR,18037
"Mischkabel zu 99% ohne Stecker bestehend aus Haushaltskabel Industriekabel, einadrig, teilweise 40%, 70% 90%. Im Durchschnitt Kupfergehalt zwischen 40 – 42 % 
Besichtigung und Proben möglich. Kann ebenfalls geliefert werden.",18028
Aluspäne von Gussplatten oder Vollalustangen.,18076
Maße beziehen sich auf die ca. Lagerfläche!,18061
"6 Förderbänder
muss noch auf 6m gschnitten werden

Beladung wäre möglich durch verkäufer",18060
1-5mm,10072
"Aluboardwände mit Anhaftungen. 
Bitte um Preis angeliefert bei Ihnen (DDP).
Siehe Analyse das Alu.",10016
"ESMB Module:
Stückgewicht Ca. 14kg",10139
Keines,18038
"Eisen- und Stahlabfälle, verunreinigt
Eisenhaltiger Staub ohne schädliche Beimengungen",10148
Alte Hebebühne,18061
"Werkzeugstahl, Stückgewicht bis zu 5 to

bitte um ein Angebot angeliefert bei Ihnen, Entladung durch Käufer",18061
"gebrauchte Stahlrohre einer Erdgasleitung, 
aussen mit Kunststoffumhüllung, 
waren im Erdreich verbaut
Demontage erfolgt anfang/mitte März",18061
nein,10197
Stahl,18060
nein,18034
Was meinen Sie mit Materialanalyse? MfG Vogelsang,18060
Kenne mich mit sowas nicht aus,18025
Keins,18038
"Es handelt sich um verzinktes Eisen das hauptsächlich als Stallgatter verbaut ist, aber auch an diversen Maschinen verbaut ist.",18061
Kupfer 99'99,18025
st 52-3,18061
nein,10212
nein,18061
V2A,18037
Original  verpackter  Messing Erodierdraht  Badra,18032
S235,18060
Kleinzeug von Nägle bis Gitter,18060
"Eisen,Stahl",18028
Keine,18060
Formeinsätze aus 1.2343,18061
AISI 316L,18039
"Keine Analyse, Material stammt aus einer Bäckerei.",18061
Stahlträger,18060
Nein,18060
Abisoliertes kupferkabel,18025
"verschiedene Rohre und Leitungen

auch Heizkörper aus Guss",18060
Heizkörper und Rohre aus Eisen (teilweise geschweist),18030
"Matten, Stab",18061
"Träger werden auf max. 6m gekürzt. 
Alles stärker als 6mm",18061
Metall Krankenhausbetten  mechanisch,18060
"Material:   Alu Tuben mit Plastikverschluss, neu
                Tube je 14,37 Gramm, Kunststoff Verschluss 3,7 Gramm
                Material ohne sonstige Verunreinigung (unbenutzt, wie auf Fotos)

Menge:      ca. 5,4 to (300.000 Stk.),
                 in Kartons verpackt auf 75 Europaletten",17966
"ACHTUNG: Schlüsselnummer hier aber 35321g

Hier die Analysen von den 2 letzten Lieferungen:

22.340 kg Cu 56.0%, Sn 8.96%, C 12.2% 
21.876 kg, Cu 54.1%, Sn 8.64%, C 10.7%",4060
Nein,18060
Leider nicht,18060
mischschrott,18060
"Big Paletten Container 

100 to",18025
"Schienenschrott - Material ist noch nicht zugeschnitten, d.h. Sie können eine Wunschlänge vorgeben auf die Sie Ihr Angebot abgeben möchten. Bitte Teilen Sie uns Ihre Vorgaben im Kommentarfeld mit.",18061
Ne,18037
"insgesamt 9 Tonnen, einzelne ""Fächer"" je 79 kg",18060
Nein,18060
AISI 304,18037
"Heizungen , Röhre und Mischschrott mit Anhaftungen ( Holz , Plastik )",18060
"1,20 meter länge DB Bahnschienen",18061
https://www.dropbox.com/sh/qyu07b4l8wd49g9/AADJQD-1uxynSZbjqb7PpJ-za?dl=0,18061
"ESMB Module:
Stückgewicht Ca. 14kg
FSME Module:
Stückgewicht Ca. 11kg plus Zusatzmodule",10139
Nein,18025
Mischschrott leicht,18061
"Keine Vorhanden.
Die einzelnen Mengenangaben können nach unten abweichen.",18037
1.4301,18060
Aisi 316 bzw 1.4401,18039
"Alu Kennzeichen Pakete, lose",10211
nein,18060
Stahl/Eisen,18060
Grauguss und stahl,18061
"12,1 Tonnen 
1.4849",18038
Analyse und Fotos kann ich nachschicken.,18025
Normaler eisenschrott,18060
"1	Rotor	25	
2	Gondel	16	
3	Der Turm	11,76	
4	Kupferkabel	1,5	
5	Transformator	3,5	
6	Generatorstahl	44,5	
7	Generator Kupfer	2,5	
8	Schrauben und Plattformen	1,5",10212
"Niro, Titan",18037
"Kupfer Granulat, grob, 99,8%
in Big Bag, 14 to

Schmelzanalyse:
Mg: 0,0366%
P: 0,026%
Ni: 0,013%
Zn: 0,0388%
As: 0,0177%
Ag: 0,0345%
Sn: 0,0128%",30003
"ca. 170 Stk. Kunststoffspritzgusswerkzeuge bzw. Blechbearbeitungswerkzeuge:


Gesamtgewicht ca. 40-50t, Material auf Paletten",18061
"Edelstahl AiSi 430, 1.4013 : Stanzgitter aufgecoilt zu je ca. 200 bis 400kg, wobei wiederum 3 bis 5 dieser Coils zu einem Bündel zusammengeführt werden.
Monatlich c. 0-40t
Edelstahl AiSi 430, 1.4013. Ronden mit 15-30m Durchmesser und mit einem Einzelgewicht von ca. 3-10g (rieselfähig). Verpackt in Fässern und/oder Bigpacks
Pro Quartal ca. 20-25t

Als aktuelle Sonderaktion einmalig c. 100-120t sofort und sortenrein. Durchmesser ca. 16,5mm sowie 3,5g Gewicht.",10049
"Aluminium Stanz, Leg. 6082, laut Analyse
Material lose",10211
"DEMONTAGE PROJEKT  RAUM Hannover 
Material: ca. 630 Tonnen
Maschine: Stufenpresse aus GGG Material 
Geländer/Plattform/Trägermaterial
Schaltschränke ca. 20 Stück
Mehrere Elektromotoren 270 KW u.ä.
Mehrere Steuerungen Siemens S7 Steuerung voll Funktionsfähig
etc.
Verlademöglichkeit:

2x 50 Tonnen Hallenkran vorhanden
Schienen 5 Meter von der Maschine entfernt (Hallenkran)
LKW Beladung möglich (durch Hallenkran)
Demontage:
Brenntruppe kann es vor Ort zuschneiden, ausbauen & sortieren (Schätzung 2-3 Wochen)",18061
ST37,18061
"20 Tonnen Motore
ca. 5 Stück und kleinere",10212
alte Druckmaschine ca. 10 Tonnen,18061
Nein,18060
Leichtschrott/Shredder,18060
150 to Fe Späne pro Monat,18037
1.4301 und 1.4307,18037
23 to E3 -E3+8mm,18061
Edelstahlbehälter,18039
Nein,18025
"Stahl DC04, Din EN 10139ff: Stanzgitter aufgecoilt zu je ca. 200 bis 400kg, wobei wiederum 3 bis 5 dieser Coils zu einem Bündel zusammengeführt werden.
Monatlich c. 40-80t   (BEISPIELBILDER) 

Stahl DC04, Din EN 10139ff. Ronden mit 15-30m Durchmesser und mit einem Einzelgewicht von ca. 3-10g (rieselfähig), teilweise galvanisiert mit 3-8% Cu, Cu/Zn und/oder Nickel. Verpackt in Fässern und/oder Bigpacks
Pro Quartal ca. 20-25t",3011
"Gussrohrleitung DN125 ca. 2700 m
25 kg/m - gesamt ca. 70 to

Innen mit Zementmörtel ausgekleidet
ca. 6 m Länge

Ab Mitte Juni",18061
"NYM 3x1,5 und NYM 5x2,5...Einzeladern",18028
nein,18025
"Material:  Aluminium Folie mit UV Lack bedruckt
                (Leg 8079, ca. 88% Al)
Menge:    20 to Pak Pal
Logistik: Pakete in Europaletten Größe (1,2x0,8x0,7m)",10193
99,18071
ECO-Brass (CW724R) Stückschrott,18032
"MS58 Späne,",30005
alte Rohre und  Eisen,18060
"Es handelt sich um ein 5,50 Meter lange 0,80 Meter hohe und 0,90 Meter tiefe Maschine. Gewicht 5,5 to. Diese muss in der Halle geteilt werden.",18060
"Leg.: CuZn25Al5Mn4Fe3-C
Maße: 5-30 cm; Dicke 5-20 mm
16.000 Stk.; Neuschrott, ohne jeglichen Anhaftungen",18032
Aluminium mit 8% Kunststoffanhaftungen,10072
"50-200 to Rohre aus einem Kondensator. 
Rohre sind luftgeschwärzt und auf Paletten wie auf den Bildern.",18032
UBC aufbereitet ohne fe und SM. Schmelzverlust 10%,17966
Tests folgen es habdelt sich um Millbery 99.9,18025
alte Rohre und  Eisen,18060
42 CrMo4,18060
"Farbe : RAL 7005 Einbrennlackiert
Stahl",18060
St 37,18061
"6xxxer Alu geschreddert mit 1% Kunststoffanhaftung,
Analyse anbei",10072
"Alu Stück, 2000er und 7000er gemischt",30014
1.4305,18037
"S235JR, 7 Coils, 35t, geglüht, dadurch etwas verzundert",30052
zamak 5,18073
Kupfer Granulat fein,30002
Selbst gesammelte,18025
"Al=68%

506 Kg Al / 744 Kg (total Gewicht per Km)",10209
Ms58,18032
Es handelt sich um Pulverbeschichteten 6mm Starken Stahl,18061
"1- Seller shall supply Railway steel R50/R65 • Specification:
§ R50 (51.67KG/Meter) GOST 7173-75
§ R65 (64.72KG/Meter) GOST 8165-75
§ Length 12.5 Meter / Length of cut pieces 1 -1.5 Meter.
• Chemical Composition of the steel second grad is of international standard as follows:
§ MN:0.60 – 1.05%
§ C: 0.54 – 0.82%
§ SI: 0.18 - 0.40%
§ S: 0.04% Max
§ P: 0.035%Max
§ AS: 0.01 Max of mass share
2- Quantity: 1.000.000 MT for the full contract (shipment can be s Scheduled it with the buyer)
3- Price CIF USD 226
4- Payment Term: 100% of the value paid by MT700, irrevocable, Confirmed from high rank bank.
5- Discharge Port: AWSP
6- Country of Origin: EU and/or KSA.",18037
Hochregallager aus den 80er Jahren. Gemischte Träger und Elektronikkomponenten.,18061
Werkstoffnummer 4301,18037
"Druckbehälter P265GH (warmfester Kesselstahl)
Edelstahlbehälter unbekannt",18037
Bleiakkus von KFZ und Bleiakkus von Flurföderfahrzeugen,18030
"Edelstahl 416-
Ich kann alle Dokumente teilen. Das Produkt ist zuverlässig.",18039
Späne Edelstahl: 316L / 1.4404 (500 kg) auf EURPal,18038
Material 1.4777,10049
"Spundwände und Träger im eingebauten Zustand
Träger HEB 450
Träger HEB 300 6-8 Meter
Spundbohlen (5-7 Meter) FLB700-6 190 to und 
HEB 250 Träger 6-8 Meter 190 to",18061
1.4301,18030
MS58,18032
"1.2714 / 56NiCrMoV7

Material	Abmessung		Länge	Charge	WAZ	Gewicht
2714	112	rd	3545	15668	3.1us	274,03
2714	112	rd	3545	15668	3.1us	274,03
2714	112	rd	3090	15668	3.1us	238,85
2714	112	rd	3610	14701	3.1us	279,05
2714	112	rd	3630	14701	3.1us	280,60
2714	112	rd	3250	14701	3.1us	251,22
2714	112	rd	3625	14701	3.1us	280,21
2714	112	rd	3625	14701	3.1us	280,21
2714	112	rd	3310	14773	3.1us	255,86
2714	112	rd	3340	14773	3.1us	258,18
2714	112	rd	3315	14773	3.1us	256,25
2714	112	rd	3180	14773	3.1us	245,81
2714	112	rd	3275	14773	3.1us	253,16
2714	112	rd	3310	14773	3.1us	255,86
2714	112	rd	2925	14586	3.1us	226,10
2714	112	rd	4175	14586	3.1us	322,72
2714	112	rd	4340	14586	3.1us	335,48
2714	112	rd	3460	15665	3.1us	267,46
2714	112	rd	3660	15665	3.1us	282,92
2714	112	rd	3530	15665	3.1us	272,87
2714	112	rd	3445	15665	3.1us	266,30
2714	112	rd	3565	15665	3.1us	275,57
2714	112	rd	3505	15665	3.1us	270,93
2714	112	rd	3535	15665	3.1us	273,25
2714	112	rd	3525	15665	3.1us	272,48
2714	112	rd	3525	15668	3.1us	272,48
2714	112	rd	3685	15668	3.1us	284,85
2714	112	rd	3635	15668	3.1us	280,98
2714	112	rd	3685	15668	3.1us	284,85
2714	112	rd	3585	15668	3.1us	277,12
2714	112	rd	3555	15665	3.1us	274,80
2714	112	rd	3610	15665	3.1us	279,05
2714	112	rd	3565	15665	3.1us	275,57
2714	112	rd	3635	14524	3.1us	280,98
2714	112	rd	3535	14524	3.1us	273,25
2714	112	rd	3570	15665	3.1us	275,96
2714	112	rd	735	        15665	3.1us	56,81
2714	112	rd	3570	15665	3.1us	275,96
2714	112	rd	3550	15665	3.1us	274,41",18039
"Kupfer 99,9%",18025
"Abgaskamin, 20 m - gesamt ca. 36 to

außen Stahl, Steinwolle, innen Edelstahl V4A Verkleidung",18061
"Material 1.4404 h9 geschliffen als Rundstange 3m, Bunde à 1t",18039
"18 % Chrom, 8 % Nickel und 74 % Stahl",18037
"AlMg3, AlMgSi0,5",30016
1.4307,18037
1.4571,18038
S235 und S355,18061
"Liftstützen, Seilbahn, Sessellift",18060
Verladefähiger Diesel-/Elektrobagger zum Verschrotten,18060
1.0038,18061
"Abbau der Helling / Werftanlage - Der Stahl wird vom Holz befreit und in 1,50 x 0,70m Stücke zerlegt. Stahlanalyse liegt nicht vor",18060
EN AW-6060 (3.3206),27735
geprüft,18039
Elektrolytkupfer von Erosionselektroden,18025
35 - 60% Fe Anteil im trockenen Schlamm,18060
Kupfer Millberry,18025
ist richtig gutes zeug!,10202
ca. 135m NYY-J 4x185 mm² auf Trommel,10209
"X45CrSi9-3
1.4718",10049
"79%Cu,14%Al,ca4-5%Fe - Material nennt sich Ampco;
teilweise Pruefzeugnisse vorhanden",10200
Autokarosserie ca. 20 Stück,10156
PKW Bremsscheiben alt in Gitterboxen,10175
Verschiedene elektromotoren 20 kw,10162
"Betonstahl 6-12  Meter Stangen , neuwertig",18060
ydhg hv,18039
R65 Gost,18061
CuNiFe 90/10,18032
s235 und s355,18060
"Ja , es ist V4a und V2a  neu ungebraucht, Flansche Bögen Anschweissnippel Reduktionen Rohre",18039
"98,5 laut Lieferschein",30004
100%,18025
"Kupfer = 1.100 kg
Bronze = 1045 kg
minderwertige Bronze = 300kg
Edelstahl = 200 kg",18025
Wst.Nr. 1.4301,18039
"CuZn39Pb2 und CuZn39Pb3, rein",18032
Ausgebaute Edelstahlanlagen,18060
"Beschichtungsqualität
Nach EN AW-6060, EN AW-Al MgSi - DIN
(Pressblank) und Beschichtet",18060
S355,18061
Es handelt sich um ca. 3cm Starke Aluplatten,10079
"Maße beziehen sie auf ein Stück. Insgesamt sind es 40 Stk á 3,1to!",18061
95%  und div. Stempel,18071
"Sehr geehrte Damen und Herren!
Wir haben alle Dokumente, die wir brauchen, um jeden Monat bis zu 100 Tonnen zu liefern.",30003
97%/98%,18073
"Ni: 9,99
Mo: 0,188",18039
"99,95%",18025
"1.4301
1.4751",18037
"Helukabel Artikel NYY-O 1x500 rm mm² SW  Art.-Nr. 32558 BL
Helukabel Artikel NYY-O 1x300 rm mm² SW  Art.-Nr. 32102 BL
Helukabel Artikel NYY-O 1x35 rm mm² SW Art.-Nr. 32094 GRY",10099
"66% 1.4301
34% 1.4404",18039
schwere Eisenprofile,18060
"Pos. 7 - Bühne 1 (Stahl, Blech)
Pos. 8 - Bühne 2 (Stahl, Blech)
Pos. 10 - Gitterbox mit Kleinmaterial: Blech, Schrauben, Anbauteile
Pos. 11 - Div. Kleinmaterial, Verkleidungen, gemischt

Abmessungen siehe 000_Aufstellung im Dokumentenanhang",18060
"AVVO/ÖN S 2100	35315		NE-Metallschrott, NE-Metallemballagen

Alu geshredderte aus Elektroaltgeräte 95%  Al  5% Cu 
1 mal pro Quartal 
inkl Abholung in Amstetten",10072
Elektrolytkupfer von Elektroerosions Maschine,18025
CW004A/2.0060,18025
"2.120 Millberry 
Blank ll, 200 kg 
Schwer Berry 98%  150 kg.",18025
58% Kupfer,18032
Elektromotore ohne Getriebe alle ca. 20 kg pro Teil,18037
"IMG_0263 (Interne Nr.WMD03231)
1.4571, t=3mm, 3500x2000mm, einseitig Foliert 100mµ, 63 Tafel, ca. 10450kg / drei der Bleche sind zerkratzt und zum Teil ist die Folie Beschädigt
IMG_0264 (Interne Nr. X0103088)
1.4571, t=3mm, 2260x1225mm, beidseitig Foliert 100mµ, 76 Tafel, ca. 4980kg / drei der Bleche sind zerkratzt und zum Teil ist die Folie Beschädigt
IMG_0265 (Interne Nr. X0103089)
1.4571, t=4mm, 2550x1350mm, einseitig Foliert 100mµ, 108 Tafel, ca. 11750kg / zwei der Bleche sind zerkratzt und zum Teil ist die Folie Beschädigt",18039
"Bleigewichte/Schwerstangen 
Es handelt sich um 34 Stangen (à 335kg Stahl) u. mit jeweils 1000kg gefülltem Blei. 
Ca. 45,5 t. Gesamtmaterial",19556
"C35 -
HT Träger
Schwarzblech",18060
2 stück mobilbagger,18061
Stahl Silos,18060
"Kupferlitzen aus 300² Kabel-selbst geschält 
Schrott Millberry 99,99%",18025
"Millberry 99,99 % Kabelkupfer",18025
Nein,17966
MS58CuZn39pb3,18032
Nein,18025
Es handelt sich um einen Behälter aus Atestblech,10161
Zerlegte Wasseruhren ohne anhaftung,10074
1.4301,18037
Kupfer,18025
Kabel,18028
MS58,18032
Links eine Sorte und rechts eine Sorte. Jeweils Vorder und Rückseite.  Halterungen für Heizungszähler. Neuwertig unbeschichtet.,30030
Baumaschinenschrott,18060
Kabel Geschält 25 -90 mm,18025
wird nachgereicht,10211
wird nachgereicht,10211
NYCWY 4x150/70 qmm,10033
"Erika hartvergoldet,
Nicrolux
Zwei verschiedene 2,500 gramm",18038
48279,18071
1.4571,18039
Circuitfoil TZA-FX Kupferfolie für die Verarbeitung in fleciblen Leiterplatten,10035
Starkstromkabel ohne Stecker,18030
Kupfer Bandblech,18025
Nee,18025
Nein,18060
hanomag bagger r60,18061
Siehe Bilder alles 4429 material,18039
Verschrottung einer Maschine mit schwerem geschweißtem Stahlrahmen.  St37,18060
Eisen,18061
"(N)3GHSSYCY 3x35mm2     12/20kV    1'595m
(N)3GHSSYCY 3x95mm2     12/20kV    6'723m
(N)3GHSSYCY 3x50mm2        6/10kV        310m
(N)3GHSSYCY 3x35mm2        6/10kV        870m",10155
nein,18030
"Nein, habe ich nicht",18061
90 bis 95% Zinn geschirr,18071
123,18076
99.3 % Zinn,18071
Ein Big mit 280kg abgemantelt (ca50% Cu-Anteil). Alles flexibles Kabel.,18028
1.2379,18060
1.0570,18061
optische Sichtung,18030
ST 360 C,18061
s58,18032
Stahl kernschrott,18060
"R50 , 51,67 kg/m-GOST-7173-75
C: 0,6 - 0,82 %
Mn 0,6 - 1,05%
Si: 0,18-0,40%
P:max. 0,035%
S:max.0,04%
AS: 0,04% Mischung aus maximalen Anteil.

/ R65 Bahnschienen
 72 kg/m-GOST-7173-75
C: 0,54 - 0,82 %
Mn 0,6 - 1,05%
Si: 0,18-0,40%
P:max. 0,035%
S:max.0,04%
AS: 0,01% Mischung aus maximalen Anteil.

Foto und Vertragsentwurf vorhanden!
Erfahrungen von Exportverfahren im Preisliste
enthalten! Preis schwankt Monatlich durch internationalen 
Schrottpreisangleichung, Man kann Festpreis vereinbaren!!!




 oder andere Schrottsorten möglich
auf Anfrage! Nicht Kontaminiert mit",18061
120101,18060
"Saubere, bunte Metall Fässer, gepresst zu kaufhausballen, ca. 800x1400x1400 mm, ca. 40 stk passen in zwei 40m3 Abfallcontainer.",18060
AlMg3,30012
"Ich habe blanke Kupferdrähte und Kupferkabel vorwiegend Nym-j 3x2,5   5x2,5  3x1,5",18025
"* 30 % Kupfer, 0,1 % Nickel, 0,1 % Silver, 0,0012 % Gold,",18028
Werkstoff-Nr.: 4301,18037
"Edelstahltank für Wein Pfaudler, Schwetzingen Baujahr 1980",18037
1.4848,18038
"Type L_finned Al 99.5
OD 63,5 Tks 0,4 mm",10211
"Cu 99,5",10089
"Materialnorm ist die Al 1060 / 3.0255, Al99,5R
99,5% reines Aluminium
Es sind Targets welche wir nicht mehr nutzen können.",10211
Leider hab ich keine Material Nummer,18038
alu dosen,17966
"EN-AW 6060 T66
ALMGsi 0,5",30029
EN-AW 6063 T66,27735
70,18025
Alu winkel,27735
1.4301 in Platinen 270mm x 420mm x 1mm Anzahl 47 377 Stück,18037
"1.4541 in Platinen zu 260mm x 210mm x 0,3 mm; Anzahl 15466 Stück",10161
Millbery,18025
"Nickel ca. 8,1 %
Chrom ca. 18 %",18037
"Almsick,5F22",10005
"Almsick,5F22",27735
2.4851 Alloy 601 Rohre,18038
"Hello,

Our company Scrap Trading 24, located in Tunisia, presents its services to individuals and companies in the field of non-ferrous metal waste collection.
Taking into account your activity, we have identified a collaboration of our companies allowing the development of our respective companies.
Indeed, you are a specialist in recycling non-ferrous metals and we are specialized in the recovery of these types.
We collect waste throughout Tunisia from professionals and individuals.
The treatment and trading of non-ferrous metal waste form the heart of our business.
Scrap Trading 24 controls all the activities of the recycling chain, from the collection of end-of-life materials to the marketing of new secondary raw materials in Tunisia and throughout the world.
Upstream, we offer you optimal collection and recovery solutions and support the environmental management of your activity.
We work in our network only with certified suppliers and controlled scrap to guarantee the quality of the factory for further processing.
Thanks to our network, we have better access to the qualities of the scrap metal and we can provide you with materials that exactly match your needs.
We have a sorting service which controls the quality of the scrap.
For a departure we offer 21 tons of copper waste .
Pending a hopefully favorable response please accept, our best regards.",10099
Geschirrzinn,18071
Zinngeschirr,18071
Schlüßelnummer 35103 Eisen und Stahlabfälle verunreignit,18060
90%,18071
ca. 90-92% Zinngehalt im Durchschnitt,18071
R50 + R65,18060
"Ort der Herkunft
Deutschland/Europe
Material
Elektrische Motor
Typ
Elektronische
Form
Klumpen
Produkt name
Verwendet Elektrische Motor Schrott
Material
Alle Arten von Elektrische Motor
Al Inhalt (%)
99%
Kupfer Pro Motor
2 - 3Kg pro stück
Größe
5kg zu 25kg 
Legierung Oder Nicht
Nicht-legierung
Anwendung
Korrosion Widerstand
Merkmale
Hohe Zug Festigkeit
Qualität
Sauber
Zustand
Arbeits/Nicht Arbeits",10212
"Ort der Herkunft
Deutschland/Europe
Material
Elektrische Motor
Typ
Elektronische
Form
Klumpen
Produkt name
Verwendet Elektrische Motor Schrott
Material
Alle Arten von Elektrische Motor
Al Inhalt (%)
99%
Kupfer Pro Motor
2 - 3Kg pro stück
Größe
5kg zu 25kg 
Legierung Oder Nicht
Nicht-legierung
Anwendung
Korrosion Widerstand
Merkmale
Hohe Zug Festigkeit
Qualität
Sauber
Zustand
Arbeits/Nicht Arbeits",10212
95%Zinn,18071
Bonjour je suis intéressée a livré chez vous ..si l'on trouve un accord 0041.77.9401207,10134
Zinn95... 1350 kg+ 70 ..250Kg environ .. bonjour je viens de Suisse ..1630 bulle .. Defferrard Michel ...tel 0041.77.9401207..,18071
Bonjour je viens de Suisse je suis intéressé par livré chez vous si l'on peut s'entendre sur les conditions tel 0041.77.9401207,18071
Bonjour.je désir livré cher vous si l'on trouve un accord .tel 0041.77.940.1207,18071
"Geschweißter Stahl, vermutlich ST37 oder ST52.
Schweißkonstruktion Innen hohl.

Die Blöcke haben die Maße 2000x1000x1000 (4Stk)
und 1000x1000x1000 (4Stk)",18060
Nein,10155
CU ETP,10218
Eisenbahnschienen,18061
"1,4571 Edelstahl VA4",10161
"Gummikabel 3X 1,5 bis 5X2,5qmm",18028
Aluprofil mit Stromschiene,10005
Verschieden Eisenteile siehe Foto,18060
Lieferschein des Lieferanten ist vorhanden,10207
"Geschirr Zinn von 90% bis 96%
Steht auf dem Zinn",18071
Ist 90% bis 96% iger Zinngeschirr,18071
Messing schwer - sauber / MS58,18032
Messing Raff mit FE Anhaftungen,10133
"32 Stk. 
Rahmen Edelstahl 1.4571
Verbindungsmaterial A4",18039
Alu-Anteil ca. 50%,10193
Kernschrott,18060
Zinngeschirr,10134
"AlMgSi1/AlMg3/AlMg4,5",10194
1.4404,18039
"PbSb2 Gewicht  1,3t
Pb99,94Cu. Gewicht 5,9t",19556
CuFe2P - R470 + Zinnbeschichtung 2-4µm,30001
Nein,10212
Edelstahlrohre,18037
MS58,30005
Nein,18071
Materialzeugnisse S2355 3.2 sind vorhanden,18060
1.4404/1.4571/1.4539,18039
Sollte ein Erdkabel  YY - J 1 x 50 qmm sein ca 280 Meter,10033
"gemahlene, gewaschene Blechdose.",3011
V4a,18039
T3-0049-03,10197
LCH/117/15,18061
Stahlblech pulverbeschichtet ( Schaltschrank),18060
Kupferkabel/ Kupferlitze,10099
1.2842 mit Harzfüllung in der Stempelfläche (Fliesenstempel),30053
1.4435,18039
Spundbohlen in S270GP,18061
Geschirrzinn 90 - 95%,18071
EN-AW 7075,10206
Stall 99%,18061
"Kupfer schinen , Kupfer Kabel  7,80 eu Kg 

Kabel klein mit isolierung 1,60 eu kg",18025
"bleche,profile,regalen teile",3011
"3 x 1600 KVA + 1 x 2800 KVA mit beton haus oder ohne 
gewicht 16 t ist nur fuer Trafo angegeben mit oel
bei 1600 KVA siehe typen schild ist 910 kg oel",10065
95 Prozent Zinn,10134
v2a,18037
G-X 5 CrNiMo   Werkstoffnummer: 4408,18039
"Abisoliertes Kupferkabel, versch. Stärken. Siehe Bilder",18025
"Industrie Kabel 
Mischung von 400 q
Bis 1,5 q 
Einzelheiten und 14 Polige Kabel NYN

Cu anteil laut kabelliste min 50% bezogen auf gesamt Gewicht",18028
Stahl S 355,18061
TEST test,18076
1441111,18076
CuZn31Si1,30005
VA4.   14571,10150
SBB I ca. 145 x 125 mm,18060
Schussblei AVV 170403,10116
Geschossblei AVV 170403,10111
Messing Geschosshülsen AVV 170401,18034
"R 50  GOST  7173.75- WEGHIT   51.67 KG/ Metr
R65   GOST  8165.75- WEGHIT   64.72KG/ METRE",18061
3311567,27735
1.4301,18037
"Al Zn Mg Cu 1,5 ( 7075)

Abmaße 10x21x226,5 mm",30014
"Es handelt sich größtenteils um mindestens 20t Guss-Schrott, welchen wir separat abwickeln wollen. 

Der Rest wird in die Fraktion ""schwerer Stahlschrott"" fallen.",18061
CW617N,18032
Edelstahl 304 - 1.4301. In Stücke eigentlich neu,18037
"C-0,6%; Si-0,37%; Mn-0,85%; P-0,019%; S-0,013%; Cr-0,015%; Ni-0,007%; Al-0,0007%; Co-0,052%; Nb-0,025%; Ti-0,003%; V-0,13%; Sn-0,004%; B-0,0006%; Zn-0,003%; N-0,005%;Fe-97,9%",18061
"Kupfer, blank I, Millberry",18025
St 37,18061
ST 37,18061
MS58,18032
MS58,18032
"Skymaster
Anschlussdose TAE NFN 

F-Anschlusskabel digital TV 

F-Stecker eloxiert 

Klinken-Adapter Stereo 3polig
Klinken-Kupplung 01 762,5mm - 6,3mm 

Klinken-Adapter Stereo 

Nullmodem Kabel 

USB 2.0 Anschlusskabel 

Antennenkabel doppelt geschirmt für Digital TV 5-7,5m



Telefunken
USB 3.0 34309 649Anschlusskabel A nach B 

HDMI-Mini-Adapter, vergoldet 

3 verschiedene Fernbedienungen
Für Receiver 

Insgesamt über 12.000 Teile, bevor ich es verkaufe möchte ich gerne wissen was das alles wert ist und ob es möglich wäre es bei ihnen abzugeben. Alles ist noch verpackt und versiegelt. Leider habe ich niemanden gefunden der mir das ganze abkauft. Für den Einzelverkauf war mir das zu aufwendig.

Lg
Wajdan Raschid",18028
St37,18061
nein,18030
SN96AG,18071
Neue Katalysatoren kfz,3011
Kfz-Federbein neu,18060
EN-AW 5005,30012
"AlMgSi0,5
saubere Al-Stangen farblos eloxiert, 6m lang",27735
"Kupferdraht weich ETP dm 2,5 mm 
3 Coils zu je 500 kg = gesamt 1500 kg",10051
1.4828 2b (IIIc),10091
Zinngeschirr,18071
"1.4571, 1.4404, 1.4435, 2.4068",10045
"1.4301, 1.4541, 1.4462",10045
alte gerüste,18060
Haben hier 3 mal eisen kamin ofen schraubstock 3 alufelgen merere alu rifelblechstücke edelstahlwaschwecken küche,10079
nix,18025
"15 Holztrommeln mit HO5VV-F
Die liegen seit Jahren auf Lager weil sie falsch gekauft wurden.
Es sind ca. 2500 kg und müssten noch ausgewogen werden.",18028
"Zwei Reisebusse Setra S 328 DT abzugeben. Fahrzeuge nur zum schlachten. Sehr viele ET. Getriebe, Achsen, Fahrzeugteile. Zwei Reisebusse verfügbar.",18060
"Almg4,5Mn",10002
bei eine goldschimiede analysiert.( Maschine von Fischer 40000€),18071
27 Cr Mo 4,18037
"Warmgewaltzte Bleche DIN  EN 10025 / EN 10051 /EN 10029,Güte S235JR",18060
"5 und 10 pfennig münzen
stahl mit messing plattiert",18060
Stahlwerkzeuge,18039
Honey Brass,18032
"Seile BL o.UMSP15,00x8,00 Spule H/710",18025
4301 bei Blech und 4501 bei Wellen und Rohrresten oder höher,18037
"Aluriffelblech, Alurohre, Alubleche blank...",10063
"Kupferblech blank, Dachrinnenstücke Kupfer usw.",18025
T-Träger bis 12 m Länge,18061
Aluminium 6063,10211
"Feinblech 1,5 - 2,0mm
Material DX51 D+Z",18061
AISI 316,18039
1.4301,18037
Zinn 95 %,18071
95% Zinn,18071
95% zinn,18071
Zinn 95%,18071
Zinn 95%,18071
Zinn 95%,18071
Sahlguss schwer  zerlegt,18061
"Laut Hersteller handelt es sich um SS304, also entsprechend Edelstahl 1.4301",18037
1.4301,18037
S355JR (ST52) Nbk 90x5 Rohr,18060
Zinn 95%,18071
"SN 99,99%",18071
1.7225,18037
1.7225 / 42CrMo4V,18037
1.4301,18037
1.4571,18039
SN 99%,18071
nein,18071
95,18071
St37 und S355 als komplette Restgitter oder als Kleinabfall (Laserreste) gemischt mit Laserabbränden...,18060
i nee electro moter,10212
i nee electro moter,10212
Sägereste von geschmiedetem V2A und besser. Alle mit 3.1 gekauft,18037
S235,10027
"Kabelgewit ohen Trommel ca. 1,4t",18028
Kabel und Litzen resten,10099
alte Schaltschränke,18060
22A063391,10166
Kupfer,18025
Das Material hat alle Zertifikate. Dies sind hauptsächlich ungleiche Winkel von einem eingestürzten Stahlwalzwerk. Sitz in Polen können wir sie mit unserem Transport per Nachnahme liefern,18061
mind. 90% Sn,18071
S235 und S355,18060
14021v,18039
"Hauptbestandteil: min.51%
-CuSn7Zn4Pb7-C

Nebenbestandteil:
-CuZn39Pb3",18033
"A356 AluGuss, lackiert",18012
EN AW 6060,30029
Pfannen Rohguss Aluminium 231a inkl. einer kleinen Messingbuchse,18013
"Abguss 231a, Überschüssiges Material. Bei entsprechenden Angebotspreis kann die Menge erhöht werden.",18013
231a,18013
"1x 231 pur
1x gem. mit Edelstahl",18015
Krätze (Ursprung Material 231a),10148
231a inkl. kleiner Messingbuchse,18013
"eigener Abguss, überschüssiges Material 231a. 

Neue Blöcke können bei entsprechenden Ankaufspreis Angebot werden.",18013
Anguss 231a,18013
"1 Gitterbox Späne Aluminium & Edelstahl
1 Behälter mit Aluminium Stäube",18015
Krätze aus Material 231a,10148
Platten gewalzt 	AlZn5 	EN AW 7075 	3.4365,30014
1.4034,10049
Wir kaufen ausschließlich 1.4301 Bleche und somit handelt es sich hier um den entsprechenden Verschnitt,18037
AVV-Nummer: 170401,18025
ältere hauptsächlich LKW,18060
Das sind Weideplätzen Hartmetall von der Firma Leuco,18017
Kreissaegeblätter und hs fraeser,21650
Leonikabel,10099
Bremsscheiben und Bremsklötze,18020
U-träger und einen Radlader + OK Bagger,18061
"Das  Leiterkabel hat bei 3000kg
Ca1200 kg Almg 99.5 %
Kabel 1800 kg davon 1300kg
Millbarry Anteil 

Das dünne bei 1000 kg 
480 kg Almg 99,5%
520 kg Kabel davon 50% Kupfer Milbarry  Anteil",18028
"Sn99,9",18072
"Original BMW, MB, VW",18011
EN AW-6060 AlMgSi,18015
Patronenhülsen Messing,18034
lk,21641
"ca. 40m Kabel N2XSY 1X500 RM/35 
Gesamtgewicht: 5,85 kg/m
reines Cu-Gewicht: 5,194 kg/m",10099
"AlCuMg1
AlCuMgPb
AlMgSi1",18001
Kfz,18060
Keine Unterlagen vorhanden,18037
Mischmaterial bei beiden Maschinen! Allerdings größtenteils Edelstahl,18060
nein,18060
AA3003,18005
Eisenbahnschiene 5m,18061
Schrauben und Platten vom Schienenabbau,18060
"300 KG Kupfer
150 Alu
2750 Grauguss
1900 statorblech",18058
Es handelt sich um einen Kettenbagger,18061
AlMg3 EN AW-575,30013
ST37,18060
EN AcAlSi9(Fe),18003
Keine,10034
Drilleiter mit und papier.,18022
Stahlmischschrott,18060
EN AW 6060 T66,18001
A Mercedes,10156
"Aluminium Zeltgerüst, (Fabrikat Losberger)
Legierung Al Mg Si 1 F28
Längstes Bauteil 12,5 Meter
Gesamtgewicht ca. 8000 kg",30029
"1.4541
1.4550
304/304L
321
1.4301",18037
"316L
1.4571
1.4404
1.4401",18039
"ST 38 
H52",18061
86071910,18061
"1.4301/ 4307 2b  rostfrei
Stahl wäre  ca 8t p265gh und 2,2t ca dc01",18060
"1.4301/ 4307 2b  rostfrei
Stahl wäre  ca 8t p265gh und 2,2t ca dc01",18060
"1.4301/ 4307 2b  rostfrei
Stahl wäre  ca 8t p265gh und 2,2t ca dc01",18060
Material 1.4301,18037
2 Druckmaschinen Quickmaster 46-1 bzw. 46-2,10117
"Aluminiumprofile für Fenster + Türen
Profile können auf Wunschlänge zugeschnitten werden 
Im Umkreis von 20 km kann auch geliefert werden.",18002
"Spent Epiroc drill bits 44,000 pcs",18019
AW-5754 - ALMG 3 - 3.3535,30011
AlSi9Cu3,10003
Alu Druckplatten,21641
Alte duktile Wasserleitung,18060
S235 und S355,18061
AlSi10Mg,18015
AlSi10Mg,18013
Es sind gebrauchte Druckplatten.,21641
1.4301,18037
Ghg,10099
Guß und Stahl von alten Traktoren,18060
"AL6060T6    Sortenrein.
sollen aber gepräst werden.",18015
Zertifikate zum Kupferanteil kann ich beifügen,18024
CU Zn 37     Dim . 176x1.8x2850mm  Messingblech   (3 Kisten),18026
1.4301,18037
3.0255,18009
"Schrott, vom Blech über Fahrrad, Alter Stapler, Kachelofeneinsatz, Hochregalträger,",18060
"Es handelt sich Rohre in Kurzlängen, APZ 3.1 ist verfügbar",18039
Abdeckaluminium für elektrische Zwecke (reines Aluminium),10019
Materialzusammensetzung und Prüfung erfolgt noch,18030
BS 215 Teil 1: (IEC 207) Aluminiumlitzen für die Stromübertragung,10019
Baterialbeschaffenheit und Menge muss noch geprüft werden,18030
TYP DOSH400/2001,10197
"Baustahl noch nie eingebaut 
Ab 8mm stärke",3011
Materialprobe,18072
Silos mit 5-6 mm dick,18060
EN AW 3104,30030
Kupferblech,18022
Ca. 65% zinn,18070
Geschirrzinn,18071
RG 7,18068
"Edelstahl 1.4372 (AISI 201) 

Hallo ich hätte Hochwertige Edelstahl Platten zu verkaufen,doch ich weiß den Preis leider nicht von Edelstahl 1.4372. Können sie mir dafür ein Angebot machen? Oder mir einen Preis nennen ?

Ich bedanke mich ihn voraus 
Mit freundlichen Grüßen.",10061
304 Edelstahl,18039
keine,18060
keine,18060
"K110, Universell einsetzbarer, maßänderungsarmer, ledeburitischer 12%-iger Chromstahl. Für Lufthärten geeignet. Gute Zähigkeit.
Werkstoff 1.0570 Stahl St52",18018
1.7225,600063
"Legierung:
EN-AW6060-T66",18002
"1.4021, 42CrMo4,1.8550,C45
Stahlspäne",3010
GGG70,18061
Zinn 92-95%,18071
1.4301  Edelstahl Getränkerohre der Lebensmittelindustrie,18037
"EN485-2 – AW-6016 ( Al-Si1,2Mg0,4) T4
Maße:
9.750 Stk  700x915x1,5mm
2.180 Stk  1600x857x2mm
57 Paletten",18005
6060,18005
ST37,18061
Keine Analyse,10133
1.2358,30053
"Alustangen vom Pool,
Fahrrad, fahrraffelgen,",10016
1.4301,18037
Hydraulikbagger 14 tonnen,18060
1.4301,18037
2.4602,31014
"ALMg 4,5 Mn",30012
"AlMg 4,5 Mn",30011
Leider nicht,18065
Leider nicht,18065
"16,5%Cr, 10%Ni, 2%Mo",18039
Bleche E 3,3011
Alufelgen,18011
"30 Stück Kupferspulen Elektrolytkupfer mit Eisenkern:
Jede Kupferspule wiegt 17,3 kg und enthält 16,4 kg reines Elektrolytkupfer und einen 0,9 kg Eisenkern.
Somit 30*16,4 kg Cu und 30*0,9kg Fe.",18024
ST 37-2,18060
Altschrott ST37,18061
"Sn Geschirr  250 kg 

Sn 80 % 
Weis Metall Klötze und spähen 

Ca 800 kg",18071
4401,18039
1.4418,18039
"Windenergieanlage 
Getriebe 12.500 kg",18020
Blanker Millberry trat,18025
Unbekannt gekauft habe ich diese Schließfachschränke mal von einem Gymnasium als Stahlschränke,18020
"160118
170411",18030
"160118
170411",18030
"Ni: 8-11
cr: 12-18",18037
Hauptsächlich Nagel aus palettenrep.,18060
H07RN-F 1x120,18031
H07RN-F 5x70,18030
Nein,18031
Schiffskörper,18060
Stahlteile,18061
"Rein zinn99, 9",18072
abisolierte Kupferkabel,18025
Zinn,18071
"Kupfer Spaltband EN 13599/2014 weich R220
CW021A Cu-HCP 
0,3mm dick",10214
alter  autokran,18061
Sn,18071
1.4541,10161
DE1004,18001
"Kesselblech, HII, 1.0425, P 265 GH",18060
TEST,30029
"Profilabschnitte aus Produktion

gemischte Legierungen - Hauptsächlich Si Legierungen. EN AW-6060, EN AW-6005A, EN AW-6082

Es kann auch Stanal dabei sein.",18001
Kein Nummer,18060
1.4301,18037
95%  RheinZinn,18071
1.4301,18037
"Schiffbaualuminium, Zertifikate nach Klasse vorhanden,
neben Deckshaus gehören auch 2 Schornsteine, 1 Lüfterhaus und diverse (verformtes) Schanz- wie Pfortenmaterial und Masten dazu",10018
"Es handelt sich um einen Bagger RH5 Orenstein Koppel. Er ist ausschlachtbar (Frehkranz, Löffel...) aber nicht fahrbereit.
Abholung durch Käufer, wahlweise mit Tieflader möglich.",18060
"Mixed alloys, without iron, plastic",18006
Hebebuhnem,30053
"Kupfer, Milbery",18025
"Alte Röntgenkammer Eisen mit Bleiabschirmung
Hydraulik ,Untergestell und Röntgenröhre ist entfernt!",600055
"X2CrMnNiN22-5-2 
1.4162
LDX 2101
UNS S32101",10163
Eisenguss,10079
Mischschrott,18060
Aluschrott mit Fremdanteilen,18003
1.4310,18037
ASTM A240,18037
5754,18005
Legierung AlMg1,18006
Schubraupen Baumaschinen ohne Fremdanhaftung,18061
"EMo5Co5
S290
S390
ASP 2030",18019
1.4301 prüfzeugnis liegt vor,10046
Alufelgen,18012
1.4404,18039
1.4301,18037
1.4301,18037
"DDR Alukabel  3x1,5qm ca. 400kg
DDR Alukabel  4x30qm ca. 600kg",10036
"AISI 314 Stainless Steel
AISI 316 Stainless Steel",18039
"Aluprofile Länge 6m

AlMgSi 0,5 F19
EN-AW alu roh 6060-T6 (F19)",18001
"ALMB SI 05, es handelt sich um neue Profile, Sägereste zwischen 10 cm und 100 cm Länge",18001
Bahnschienen,18061
191202,18060
191202,18061
"Sauenställe werden entkernt, es handelt sich um verzinkte Rohre und Stalleinrichtungen.",18020
"17%Cr, 8%Ni",10045
Nein,18020
99.99,18025
pure copper pipes urgent basis please quote,10034
"no documents, material available as shown in pictures",18022
HELUKABEL® NA2XS(F)2Y 12/20 kV 1x50rm/16 schwarz,18028
AW-6060,18003
a-6060,18003
146807,18039
Aluminiumblech AlMg1,30016
"Material:  V4A Edelstahl 1.4404 
Flachstahl 1,5 mm und 2,0 mm",18039
HSS Werkzeugstahl zur Edelstahlbearbeitung  meist unbenutzt,18018
6060,18001
Aluminium gemischt,18003
1.4404 oder 1.4571,18039
"Wendemesser ;
DIN 1.2379 | AISI D2 | 57-59 HRC",18017
Keine Materialanalyse ist aber Chromstahl V2 oder V4A und nicht Magnetisch. Die Automaten sind ausgeschlachtet.,18037
1052,21641
VHM Beschichtet,18017
VHM,18019
nein,18024
"Wendemesser ;
DIN 1.2379 | AISI D2 | 57-59 HRC",18017
"AlMgSi0,5",18001
"AlMg4,5 W28",18001
"1.4301, 1.4305, 1.4310
könnte man in Zukunft auch sortenrein sammeln",18037
Beschichtes Aluminium,18003
"Wendemesser ;
DIN 1.2379 | AISI D2 | 57-59 HRC",18017
"1.4301 - Schränke, Bauteile aus Großküchenauflösung",18037
Gabelstaplerbatterie 5 PzS 775 DIN A (832 * 631 * 784) Trog,18065
"Karroserie besteht aus Alu , (Magnettest)  Rest ist Eisen. Geschätzter Aluanteil pro Bus ca. 3 bis 4 Tonnen. Es gibt 2 Stück Busse selbe Bauart. Also ca. 8 Tonnen Alu und ca. 12 Tonnen Metal.",18003
"54 Stangen 33% 38 Stangen 35%
21 Stangen 40%
Reste gemischt",18070
"Aluminium-Späne.
Menge pro Jahr: 100 Tonnen
Aluminium: gemischte Legierungen (60% sind 7000er Legierung, 20% sind 6000er Legierung, der Rest ist gemischt)
Schrottart: Späne
Fremdstoffe: Keine außer KSS. Anteil unbekannt
Abrechnung je Abholung
Angebot inkl. Stellen der Container (insgesamt 3-4 Container mit 10cmb)
Abholort: 
> 85% sind abzuholen im Werk 2 (92339 Beilngries
> 15% sind abzuholen im Werk 1 92339 Beilngries)
Vergangenes Jahr hatten wir 48 Abholungen zwischen 0,8 und 2,8 Tonnen (Das geringe Gewicht kommt von Dreh-Späne, diese haben großes Volumen und kleines Gewicht)
Im Durchschnitt ca. 23% Feuchtigkeit.
Angebot auf Basis 5% Nässe unterbreiten, das ist aktueller Standard bei uns.
 
Zu den Materialnummern:
Beim Aluminium zu 50% die Legierung EN AW 7075, die zweiten 50% teilen sich auf unterschiedlichste Legierungen der 6000er und 7000er Legierungen auf.",18015
KX40,18019
EV1 10 my,30029
Restmengen auf Originaleinwegtrommel aus Lieferung in 2021,18030
Restmengen auf Originaleinwegtrommel aus Lieferung in 2021,18030
"87% Wolfram, 12% Kobald",18020
Rotguss RG 5,18068
VHM,18019
200mm² Kupferkabel blank,18025
n/a,18028
"Si 0,5",18001
Das sind Teile einer alten Drehbank,18020
Beschichtete Profile mit Dämmstegen,18003
"Es handelt sich um einen Industriemotor Großmotor,",18060
"Nein, sind aber Blei-Buchstaben für eine Druckerei, wohl ca. 150 Schubladen voll, und viel Blei Zubehör",19556
Keine,18020
Größtenteils 90+,18071
0.82,10099
No need,18022
siehe Produktbezeichnung Foto,18065
Panzerrohr Leo 1,18019
Genaue Bezeichnung des Materials: Altzinn Krätze (Lotkrätze) bleifrei mit Sn100ni+,18070
"ca.400 kg 1.2345
ca.480 kg Askodyne-140 (dürfte aber das selbe sein wie oben)
Neue Messer einer Besäumschere und Schrotthacker aus der Metallindustrie",30053
"AGFA Amigo TS 60,5 x 74 cm und 52,5 x 45,9 cm",21641
"Blei 67%
Antimon 28%
Zinn 5%

Ca.-Werte",10040
Messing Linien Druckerei,10133
Druckplatten,10002
Füllmaterial Druckerei,18014
Presswerkzeuge,18061
1.4301,18037
"Zolltarifnummer 8001-2000

Abfallnummer: AVV 170406",18071
"Zolltarifsnummer: 7114-2000
Besteckteile mit Edelmetallplattierung
(Löffel, Gabeln, 90/45 Versilbert)

Z.nummer: 8215-1000, Messer mit Edelmetalplattierung)

Z.nummer: 7112-9900 versilberte Objekte",10115
Zinn,18071
"Name	Kupfer draht schrott (Millberry) 99.95%
Artikel	Standard (%)	Ergebnisse (%)
Reinheit (%)	≥99,95	99,95
Carbon	0,03	0,03
Coblet	<0,001	0,0009
Eisen	0,005	0,005
Phosphor	<0,01	0,009
Schwefel	<0,01",18025
Panasonic LC-X1228 AP / 12 V 28 Ah,18065
"Es handelt sich um Starthilfekabel, Klemmen werden abgeschnitten",18031
1.4301 aisi 304,18037
"Das Material stammt aus NE-Abscheider bie der Aufbereitung von Altfenstern aus PVC und Hoz und besteht ca. aus 70 % Alu, 5%Zink, 1 % Kupfer/Messing, der Rest ist Wasser, Holz u. PVC.",10204
"gepresste Späne, überwiegend Materialien mit der Kennnummer: EN-AW 6065, 6082, 7075",10194
Cuper 63%,18035
2 Werkzeuge wie Foto vermutlich Guss G5-G/5083,18014
Alte motor kabel,18025
?,31002
Kupfer,18024
Elektrobleche,30029
I-Träger HEM 160-180 verzinkt,18061
"Nein, keine Analyse",30029
Schrott,18060
Autofelgen. Alu.,18011
"99,9 % reines E - Cu 
wie bei der letzten Lieferung",18025
???,10214
Stahlschürfleisten (neu),18020
Es handelt sich um Kupferkabel,10024
Ventile,31002
Alugeschirr,18014
Rohr,600067
1.4024,10049
82 bis 90%,18071
"999,95 Cu Millberry blank",18025
"verzinnte Kupferlitze. Rohmaterialtrommel, die sich verheddert hat.",10035
nein,19465
CW622N,18032
Leitung NYCWY 4x185/95 mm²,18030
"Großsteils niedrig legierter Stahl.

Ich bin Werkstoffprüfer und Röntgenschutzbeauftragter,kann also sehr genaue Materialanalyse liefern.",3011
"Stahl 1.2379
HRC: 57-59",31001
Alu Kupfer,18007
97% Cu,10118
"- Type 1 (total 237 kgs) : 64.04% Nickel, 8.74% Cobalt, 1.69% Molybdenum...

- Type 2 (total 216 kgs) : 42.83% Nickel, 7.33% Molybdenum, 1.88% Cobalt...

- Type 3 (total 240 kgs) : 19.23% Nickel, 0.196% Molybdenum...",10083
AW 6060,30029
noch keine,18037
"1x Staplerbatterie 24V 800Ah
1xStaplerbatterie 24V 600Ah
1x LKW Batterie 12V 200Ah
3x KFZ Batterie 12V 60Ah",18065
"CW617N
HPB57-3",18036
ALSi10MNMG,10003
"19"" Racks aus Aluprofil mit Stahl Schienen komplett 115 KG, Alu ca 90KG",18002
"W - 6,5%
Mo - 6%
V - 1,5%
Co - 1,5%
Cr - 3%
Fe - rest",18018
xxx,18039
"Meanwell APV 25-24     
Meanwell APV-16E-24   
Roal Strato RSLP070-48 
ERP VLM100E-48",18056
"EN AW 6060 T4, Blank",18001
"CA. 48 SCHROTT LEISTUNGSKONDENSATOREN
Marke: Nicht angesehen
Modell: RAM 1.7-3000
Leistung: 3000 kVA
Spannung: 1700 V
Strom: 1735 A

11 DREIPHASENMODULSCHROTT ZUR LEISTUNGSFAKTORKORREKTUR
Marke: Siemens
Leistung: 20 kVA
Spannung: 440 V
Strom: 26,2 A

CA.78 SCHROTT LEISTUNGSKONDENSATOREN
Marke: Inepar
Leistung: 50 kVA
Spannung: 650 V

LEISTUNGSKONDENSATOREN UND 
DREIPHASIGEN MODULEN ZUR LEISTUNGSFAKTOR-KORREKTUR 
ca. 120 Stk.",18058
"Mittelspannungskabel
Niederspannungskabel 
90% über 150mm2 Kabel",18031
Leider nicht,10117
aluminium gemischt,18003
Gerüstschrott,18060
LNP 100 x 100 x 10  12m  39Stk,18060
Alt Gusseisen Heizkörper 10 Stk.,18014
Metallverstärker von Plastikfenster,10070
Kabeltyp  NKBY 3x185,10033
Stehen auf die Rohre!,18039
Keine Materialanalyse vorhanden,18025
Autobatterien,18065
"diverse Kabel Industrie, LAPP ÖLFLEX, Unitronic, Helukabel FZ J 500",18030
"ST-52, S355",3010
Scherenvormaterial in unregelmäßigen Mengen,10027
"Normalqualität: 1.1170 / 1,1181---ca 20-25 t
Sonderqualität:1.6582---ca. 8 t
monatlich",3010
AL Späne gemischt,600038
CU Späne sauber,10218
V2A Späne unterschiedliche Mengen,10045
nein,30004
"1.4310  0,3 x 50 mm
Güte: EN 10151 / Maß: EN ISO 9445, Oberfl. 2H,
Festigkeit: 1.000-1.150 N/qmm,
RID min. 500 mm, RAD min. 900 mm, RAD max. 1100 mm,
Coilgew. max. 1.500 kg, Palettengew. max. 3.000 kg,
GESAMTHÖHE PALETTE MAX. 700MM,
inkl. Werkszeugnis,
84 tonnen


1.4310  0,2 x 55 mm
Güte: EN 10151 / Maß: EN ISO 9445, Oberfl. 2H,
Festigkeit: 1.000-1.150 N/qmm, 
RID min. 500 mm, RAD min. 900 mm, RAD max. 1100 mm,
MIT INNENKERN LIEFERN, Coilgew. max. 1.500 kg,
Palettengew. max. 3.000 kg,
GESAMTHÖHE PALETTE MAX. 700MM, inkl. Werkszeugnis
34 tonnen",18037
Alu EN AW 6060,600039
1.4301,18037
Habe keine Material Nummer. Es 80 Volt Batterien von Elektrostaplern im Stahltrog.,18065
keine es ist das Maschinenbett einer Drechselmachine,18061
machinenbett einer drechselmachine,18061
schwerbelastbare Regale,18060
1.4301 mit Folie,18037
1.4823,18060
"0.6 x 35mm
Dickentoleranz: +/-0,05mm
Breitentoleranz: +/-0,2mm
Werkstoff: 1.4301
Zugfestigkeit: 540-750 N/mm2
Oberfläche: 2 B
Ringinnendurchmesser: 508mm
Ringaussendurchmesser: max.1000mm",18037
CW009A,18025
35310,30002
1.4571,18039
nach DIN EN 573-3,30030
EN AW 6082 Legierung nach DIN EN 573-3,10194
"Al99,5%",18003
Niro 1.4301,18037
Alles wird mit spektro analysiert.,18071
"Kupferkabel, Stecker, Monitor und vieles mehr!",18059
CU TEP,10089
veraschtes Material,18050
"2 Stück Stahlträger ca. h x b x l = 2,0 x 1,0 x 16,0 m 
und diverses Zubehör (Walzprofilträger)
 alles Materialgüte S 355 (alt St. 52) rein, kein Materialmix",18061
Eisenguss,10079
S235JR - S355J2,18060
Es handelt sich um 4 Staplerbatterien je 1000 Kg mit je 27 KWh leistung,18065
Gebrauchte Auto/LKW Batterien unbeschädigt verbraucht,18065
"1.4767
1.4509",10151
"Totalgewicht 10,1t (nur Stator => Bild ist mit Rotor)
1,4t Kupfer
6,2t Stator-/Dynamoblech
2,5t Stahl (St37) Schweisskonstruktion",18058
Ceratizit H40S,18020
Material CuNi2SiCr,18067
Caster Deck vom Flughafen Dhl. Stahl Trägerschrott,18061
"Gesamtgewicht: 10,1 t
Kupferanteil: 1,4 t
Statorblech (Dynamoblech): 6,2 t
Rest Gehäuse: geschweisste Stahlkonstruktion (St37)",18058
"Wasserzähler ohne Zählwerk 
Weitgehend ohne Kunststoffanhaftungen 

Abholung (Region Riesa / Sachsen)",10074
"Doppelnippel 1/4 Zoll 
Muttern dazu",18032
MIlbery,18025
"Artikelnummer 0029822008
Mercedes Batterien",18065
Chromstahl 18/8,18037
"ALUMINIUM Series 6000 

We need monthly",18003
series 6000,10148
"Leider nicht.
Es handelt sich um gefüllte Getränke-Dosen (Inhalt: aromatisiertes weinhaltiges Getränk)",600081
nix,18065
CuSn7Zn4Pb7-C,18069
"CuSn7Zn4Pb7-C
nicht Brikettiert, lose Späne",18069
"Alu5083 3.3547 AlMg4,5Mn 5",10207
S355J2 Dillinger Hütte oder Thyssen Grupp Materialzeugnisse 3.1 bei fast allen vorhanden wenn wir zum gemiensamen Ziel kommen,18061
Марка  Л63(м),18036
Keine Unterlagen verfügbar,18060
170405,18060
"j-y st y 100x2x0,6",18028
Abfall gepresst aus Alufolie die bedruckt ist.,10193
Ms58,18032
NYY-J 4x240 ca. 270Meter,18031
1.4301,600087
Aluminium alt färbig,18006
Altes Hochregallager Hersteller Jungheinrich.,18060
"10.000 kg Al226
               Al-Gusslegierung 226 A EN-AB-AISi8Cu3
               DIN EN 1676
 
10.000 kg Al239S
               Al-Gusslegierung 239 A EN-AB-A1Si10Mg(a)
               DIN EN 1706",18013
Abfallschlüssel 160216,18045
Nein,600080
"Hallo,
bieten Sie bitte für 240 kg Röhrenlot S-sn60Pb38Cu2, 2mm, 1% Flussmittel
auf Spulen a 1kg, original verpackt!",600055
1,18025
EN-AW6060T66,18001
"Es handelt sich um ein Leuchtkastenprofil, welches nicht mehr verwendet wird.",18001
"2 Kupferplatten jeweils 210*100 und 6 mm stark
jeweils ca 113 kg Kupfer

Die Platten liegen schon Jahre im Bett wg. Wasserader",18022
"2 Kupferplatten jeweils 210*100 und 6 mm stark
jeweils ca 113 kg Kupfer

Die Platten liegen schon Jahre im Bett wg. Wasserader

Abholung in DE-32547 Bad Oeynhausen",18025
"Elektrolytkupfer 99,9% mit sehr dünner schwarzer Schicht vom erodieren.",18022
"Elektrolytkupfer 99,9% Rohmaterial zur spanenden Bearbeitung",18023
"-Mining copper to add value to finish products such as copper cathode and
blisters 99.9% copper, 99.8% blisters.",18022
AC46000,18013
GC4415,18017
CuZn39Pb3 R430,18033
"Materialanalyse

Bestandteile      Menge Enthalten
Kohlenstoff        0.0309
Eisen                 0.005
Phosphor           0.009
Schwefel           0.009
Zink                   0.003",18025
Formrohre und Bleche,18060
"Werkstoff 1.4403 , X5CrNiMo19-11",10049
Solarkabel und Erdkabel NYY,18028
"NAYY Erdkabel 
meist NAYY-J 5*95 aber auch 1*300 und soagar 1*500",600066
AGM Batterien,18065
AQ65,18060
90-100%,18071
Stanzgitterstreifen  Güte 7020,18005
Stanzgitterstreifen  Güte 7020,18005
S-Sn97Ag3,18070
"Batterietype SBL 55-12i, 12V 55Ah",18065
H07Z-K 25mm,18031
no.,18020
CAT 7 Netzwerk Kabel,18028
"Stahl felge, metall von LKWs und teilen.",18020
Ab 90er,18071
CuNi12Zn25Pb1 (Neusilber),31018
MS58 Stückig,18032
MS58 Späne,30005
We have gearboxes and gearbox spares which are completely new and can be resoled in the market as new products. These gearboxes are primer coated and painted with basic paint and the spares are also new and can be sold as aftermarket parts.,3011
gestempelt und teilweise noch höherwertige Edelstähle,18039
"Zinc-aluminium coating steel  From Big Dutchman poultry cages 
Mild steel zinc coated from zucami",18060
"Zinc-aluminium coating steel 
Mild steel zinc coated",18060
Edelstahl 18/3 GN Behälter,18037
Stahlblech,600079
Batterien 240 x Hoppecke power.com SVB 2V400,18065
"Stahl S235, beschichtet
204 lfm HEB500 Träger.
Einzellänge 12m, kann aber bei bedarf auf 6m oder 4m von uns geschnitten werden.",18060
Nein es ist private,18043
Stahlkamin Entstaubung Asphaltmischanlage,18060
Autobatterien,18065
"Alte Kältemaschinen mit Fachgerechter Entsorgung von Kältemittel und Öl

Nur mehr Metal , Kupfer und Aluminium",18058
EN AW 6060 T66 Eloxiert,18002
1.4301,11055
Almg3,30012
s235,10027
"2 Kisten HSS / E  Schrott 1x370 Kg und 1x 107 Kg
1 Kiste VHM-Bohrer und Fräser 186 Kg
1 Kiste HM-Wendeplatten 978 Kg",18018
"IPE 550 16,00 m lang",18061
Es sin Schneidemesser von Verpackungsmaschinen und Gleidringdichtungen von Pumpen,18020
Nein,19468
Mangan stahl,18020
Ethernalkabel cat7,18028
1.4408 und 1.4571,18039
St37.2  = 217.820 kg / St37.2+St52.3 = 57.150 kg / 1.4845 = 1.890 kg / HII ST = 620 kg / St37.4 = 12.500 kg / ST 37.4 = 3.500 kg / St37.5 = 2.500 kg / St37.6 = 4.500 kg / St37.7 = 1.500 kg / St 37 + St 52 = 1.750 kg / St37/St52/C40 = 15.000 kg / St52 = 14.500 kg / St52.3 = 26.400 kg,600079
"Kabelreste ohne Stecker, Abfälle",10214
Kühlkörper etc,600081
"Motorreste, Abfälle",18060
1.4301/1.4307 DIN EN 10088-2/DIN EN ISO 9445-2,18037
Industrieanlage,18061
Industrieanlage,18061
nn,18028
Nein,18008
"Aluminium98%
Aluminium contant 60%. Aluminium with plastic backing",10193
"EN AW- 6060 [A l MgSi] T66 – (A lMgSi0,5 F22), warm ausgehärtet, gepresst",18001
alte Batterien - von Sicherheitsbeleuchtungsanlage: Vision 6FM 230-X / 230 AH - 20 Stück,18065
Aluminium turnings originating from profiles,18015
Aluminium profiles turnings,18015
"DIN EN 10025 warmgewalzte Erzeugnisse aus unlegierten Baustählen
DIN 4114 Stahlbau - Stabilitätsfälle
Din 15018
Din 15019-1
Din15020",18060
"DIN EN 10025 warmgewalzte Erzeugnisse aus unlegierten Baustählen
DIN 4114 Stahlbau - Stabilitätsfälle",18060
Druckerzubehör und Computerzubehör,18057
"1.4372 / AISI 201
Analyse Cr 16-17%, Mn 5.5-7.0%, Ni 3.5-4.5%",600087
ALU7075 / 3.4365,10206
Werkzeugstahl,18060
"•	Name of Product	:	Copper Wire Scrap
-	Grade: A
-	Copper: 99.99%
-	Carbon: <0.03%
-	Cobalt: <0.001%
-	Iron:< 0.005%
-	Phosphorus: <0.01%
-	Sulphur: <0.01%
-	Zinc:<0.3%
-	Wire Diameter:0.20mm, 0.25mm, 0.30mm
-	Weight: 3kg, 5kg, 7kg, 15kg, 20kg
-	Tensile strength:1000 N/MM2, 900 N/MM2, 500 N/MM2, 450 N/MM2",10214
"•	Name of Product	:	Copper Wire Scrap
-	Grade: A
-	Copper: 99.99%
-	Carbon: <0.03%
-	Cobalt: <0.001%
-	Iron:< 0.005%
-	Phosphorus: <0.01%
-	Sulphur: <0.01%
-	Zinc:<0.3%
-	Wire Diameter:0.20mm, 0.25mm, 0.30mm
-	Weight: 3kg, 5kg, 7kg, 15kg, 20kg
-	Tensile strength:1000 N/MM2, 900 N/MM2, 500 N/MM2, 450 N/MM2",10214
"•	Aluminum Incinerator  (incinerated bottom ash)
	Different yields : 60%;70%; 80% 85%; 90%
        Sizes: 3-8 mm; 8-16 mm; 16-60 mm.etc",600083
Legierung 60 60 T66,18001
Hms 1&2 p&s scrap,18061
geschmiedetes Aluminium,18011
CDD000060,18065
1.4301,18037
"Es handelt sich um die Auflösung eines metallverarbeitenden Betriebes mit Altmaschinen, Werkzeugen, Richtplatten (3 x 3 Meter, 10 cm Dick) usw.",18060
nein,19556
Position besteht aus mehreren Stahlträgern in Längen zwischen 3 bis 12 Meter (HEB und HEA; 180 bis 300). In Summe sind es 33 Stahlträger.,18060
E1,18060
"Der Körper selber ist aus dem Präzisionsband: M.Präzisionsband 1.4301
Die Rastfedern sind aus Runddraht: M.Runddraht 1.4310 
Die Kupplung selber beinhaltet verschiedene Materialien: M.Präzisionsband 1.4016.
Als Fremdkörper wäre nur ein Dichtring drinnen aus Kautschuk.",600091
ADC12,18013
"Painted Aluminium coils 
Euro standard: EN AW 5754
coil with spool
Laquer: silver/ clear laquer",30055
Eisen - Stahl - Aluminium,18060
Böhler N530 SC,10049
1.4571,10150
Steckerkabel von Haushaltsgroßgeräten 75% und Netzwerkkabel 15%,18029
170404,18073
"ALU profiles leg: 6063, 6062, 6060, 6005A

Mixed ALU Briketts",10194
"Alu-Zinkbeschichtetes Wellblech, Zinkauflage 530g/m2",30022
37019900,10117
84411010,10117
99,18025
Es handelt sich um Laderaumdeckel eines Binnenschiffs mit Stahlrahmen und -rollen und Blechabdeckungen,18060
EN 1.4404 Neuware Blücher Rohrsystem,18039
USV Batterien,18065
"Trappetzblech aus einem Hallen Rückbau sowie Einbau Kassetten aus Stahl 

insgesamt ca. 400 qm Material",18060
Hartmetall,18019
304,18040
1.4301,18037
EN AW-2017A,18001
Eisen,18060
Aluguss G5-G/5083 vermischt mit Stahl bzw. Kupferrohren.,18003
Herford Motor,18061
"1.4021
Bleche

3600x1350x2,5mm gebraucht",10049
"Reines Alu. Türblenden, Griffe,  und knöpfe",18005
Blei,10111
kupfer blank millberry,18025
Werkszeugnisse usw.,10161
W content is typically 8-10% - Sn at around 2% - Co 5-8%,18020
1.4301,18037
EN AW 6063 T66,18001
3,18020
3,18020
3,18020
3,18020
3,18020
3,18020
3,18020
EN AW 6060 T66,18001
Zinn mit X Met gemessen ca. 99 % Sn,18072
1.4301,18037
Bestehen nur aus Kabel kupfer,18022
"Diese Legierung hat eine Zusammensetzung von 94,35% Kupfer und 5,65% Zink",18067
Eisen,18019
Keine Analyse,18056
Grade 2,10086
1.4571,10150
das Material ist zerhackter Erodierdraht Messing Blank MS 63,600053
"Nur Test (bin Student). Bitte nicht bearbeiten.
1.3343",18018
6061,600043
"Abfälle vom Landwirtschaftlichen betrieb. 
Alte Landmaschinen / Baggerarm / Baggerkette",18060
Nein,18002
2.1191 Cu Ag in Festform (Platten),18022
1.2311 / 1.2343 / 1.2379 / 1.1730 // Etwa 55-60% sind 1.1730 die restlichen 45-40% verteilen sich auf die 1.2xxx Qualitäten.,30053
"Nein ,lässt sich aber nachreichen.",18034
alu,21641
S235 und S355,600112
1.4404,30012
Almg3 + Almg1,600065
Trogbatterien - Stapler,18065
"1.4404
APZ 3.1 vorhanden",18039
1.4307 (304L),18037
Alu-Offsetplatten ohne Papier auf Einwegpalette,21641
"Ipe200 (12) Rst 37.2 (1.0038)
En 10027 S235jrg2

Ipe140 (12) Rst 37.2 (1.0038)
En 10027 S235jrg2",18060
Kommt,18039
unbekannt,18060
"Es handelt sich um bereits gedrehte Hülsen (Länge ca. 22mm / Durchmesser ca. 6-8mm) 
Werkstoff: CuZn39Pb3, chemisch vernickelt 8μm +/-2μm",18032
1.2312,18060
"es handelt sich um 1 2,55m lange 10cm Durchmesser Stahlstütze",600079
"AlMgSi 0,5 Stranggussprofile, Originalverpackt, Länge max. 8,3m, Neuware",30029
1.4404,18039
AlMg3 (EN: AW 5754),18005
Kupferkabel durchschnitt 60-65 % Kupferanteil,18030
"Es handelt sich um unzerlegte  Automatikgetriebe mit Fe anteil 
ca 450 St a 70 - 80 kg  Tel 0151 29136119",18014
"VHM Fräser & Boher
K05-K15 Substrat",18019
3003,10078
Schiffbaustahl,18060
Kupfer-Leitschienen blank,10034
Yes,21641
Yes,21641
"Sehr geehrte Damen und Herren,
es handelt sich hier um 2 Quaderballenpresse wie auf dem Foto zu sehen ist.
Beide Strohpressen sind restlos ausgebrannt. Reiner ""Kernschrott"" also.",10027
AlMg3 5754 H22 blank 88x0.80 mm in Ringen,30055
"Gehäuse aus Blech. Maschinenbett ist aus Guss Ca. 70% 
Restliches aus Maschinenstahl",10117
"S235JR 2500x1250x10mm
gebeizt und geölt
APZ 3.1 vorhanden
Paketgewicht ca. 2.1 to",600075
"1.4016 Mittelformat 2500x1250x1mm
Oberfläche 2B
mit Zwischenfolie
APZ3.1 vorhanden
Paketgewicht ~2 to",600088
"1.4571 Mittelformat 2500 x 1250 x 3
APZ 3.1 vorhanden
Oberfläche 2B
2 Pakete",10150
EN-GJS-400-15,18061
"Es handelt sich um den Schiffskörper eines pontons, der verschrottet werden soll.",18061
"Moin, ich kann noch keine Fotos machen, da ist noch etwas Messing dran. Ich werde das Messing noch entfernen.

Es handelt sich um normalen Mischkupfer, teilweise verlötet und verfärbt , sonst keine weiteren Anhaftungen.

Mit freundlichen Grüßen
Michael Leimberger
M.Leimberger Schrott und Metallhandel 
Idafehn Süd 104
26842 Ostrhauderfehn
01626398655",18024
"Messing, gemischt, ohne Eisen und plastik.",31011
"Stahlblechcoils: Güte DC03 AmO (übliche Oberfläche, matt, geölt nach DIN EN 10130 / 10131)
Dicke: 1,15 mm
unterschiedliche Coil-Breiten: 479, 649, 823, 994 und 1'165 mm
Coilgewicht:  überwiegend 4 - 5,5 to
RID: 508 mm
RAD: max 1'500 mm
Provenienz: Deutsche Stahlhersteller

Ladung direkt auf Lkw mit Mulden-Lkw. (Topbeladung) 
Keine Verpackung oder Umverpackung auf Paletten möglich.",600149
"es handelt sich um 2 Aluminium-Container ( 10,8 m³) L x B X H;  2,5 m X 2,1 m X 2,2 m, komplett - bei Wiederverwendung reparaturbedürftig.",18006
P355 GH,18060
"Edelstahl, X5CrNi18-10",11055
"•	Zum Regalsystem habe ich keine Angaben gefunden
•	Bühnen:
o	S235 JR – UNI EN 10025-2:2005
o	S355 JR – UNI EN 10025-2:200",18060
"Stahlguss,Temperguss",600064
"Co: 10,43 - 12,25
W: 81,60 - 83,48
LEC: 6",18019
Nein,18025
Diverse Autobatterien,18065
MILLBERRY BLANK,18025
Trafo E70 mit Ferritkernen,10197
"Analysereport ISE0002208166
TU 1793-011-50316079-2004",4060
S355j2,18060
ALSi,18011
"Sehr geehrte Damen und Herren,

ich habe diese Liste mit dem Material:

Werkstoffnummer	Stück	Oberfläche
1.4016		
		
1280x2850x2,5	1	geschlieffen K8
1280x2850x2,5	12	Poliert
1280x2850x2,6	1	Poliert
1280x2850x3,1		Normal
		
		
Werkstoffnummer		
1.4021		
		
1660x980x1,75	61	3.A
1660x980x1,5	122	HP-HP
2590x1300x3,0	1	Sand
2590x1300x3.0	1	Geschlieffen
2590x1300x3.1	4	Geschlieffen Fein
2590x1650x4	2	3.A
		
		
Werkstoffnummer		
1.4031		
		
2200x1100x2,0	86	K240-K240
2200x1100x2,15	14	K100
2200x1100x2,,15	26	3.A
		
		
		
Werkstoffnummer		
1.4300		
		
2245x1180x4,4	18	3.A
		
		
Werkstoffnummer		
ST 37 oder 52		
		
2200x250x85	2	Geglüht
1600x250x85	1	Geglüht
250x85		
		
Werkstoffnummer		
EC 80		
		
1500x1000x20	2	Geschlieffen
Das sind Edelstahlplatten für die Verpackungsindustrie, nach Geschäftsaufgabe sind diese noch über.

Alles ist in den Kisten eingepackt. Kann mit dem Gabelstappler geladen werden. s. Fotos",600088
V2A-Blechschrott,600087
Titanzink Verschnitte bei der Herstellung (neuwertig) sowie Rückläufer bei Demontagen ( Verwittertes Material) alle Materialien ohne Bitumenanhaftung.,18073
"EN 10270-1 - SH 5,0 Federstahldraht Ringe  auf Europaletten mit Übermass
ca 1000 KG je Palette",600047
18NiCrMo7-6,18037
Nein,10129
Grade 2 copper wire,600059
This is just ss304. 304 grade stainless. Can give more details about the shapes that they come in later.,10046
1.4301,18037
"70% 6xxx, 30% mixed 2/7xxx",600043
1.3343,18018
6063T6 / 6082 T6,600093
EN AW 6063 T6,600080
1.4571,18039
S 235 nach EN 10025-2,18061
Alufelgen Sauber,18011
"Material : 3.3206.71 / ENAW 60563
sauber ohne Lakierung, sortenrein
Längen 1,20 / 2,5m und 4,2m",600080
"2.0401, MS58, sortenrein, normalerweise ca. 0,15% Fe und 4% Feuchtigkeit",18033
"MS58, sortenrein, Reste von Coils",18032
"Das Material war bisher immer Granulatstufe 1a beim Verkaufen an andere Aufkäufer. Wir sind erst an einem Angebot interessiert, bevor wir weitere Schritte, wie Qualitätsprüfung, Bilder, Labor etc. veranlassen.",30002
"EN AW-5754 (AlMg3) H22
EN 573 -3, 485 -1/-2/-4 Ohne
Papierzwischenlage
Paketgewicht ca. 1000 kg",600102
"1) MS60 verchromt 
2) MS63 roh (nicht verchromt)
3) Zink z.B. ZP3 = ZnAl4

Bitten Sie bitte sortenreine Preise (Einzelpositionen) an und als Mischschrott (Positionen 1-3 in Gitterboxen)",18036
1.4571,18039
1.4571,18039
1.4571,18039
1.4571,18039
"MS 60 Armaturen verchromt 
MS 63 nicht verchromt 
ZnAl4",31011
"Edelstahl 1.4404.

Durchmesser = 3600 mm
Höhe = 6000 mm
Bodendicke = 8 mm
Deckeldicke = 6 mm
Wandung = 4 mm
Gewicht ca. 3500 kg",10119
"1.7335, 1.7380, 1.7375, 1.6368, S235, etc.",18061
"wir stellen 2 mal im Jahr ca 3 t VHM Schrott, auf Europalette in Stahlfässern bereit.
Reines Hartmetall ohne Stahlbeimischung",18020
Millberry blank,18025
handelsübliche Qualität,18073
nicht vorhanden,18017
EN AW-6060 T66,18002
S235,18061
Wird nachgereicht bei Bedarf. Es handelt sich um Formenschrott aus der Glasindustrie die aus Kupfer und Nickel bestehen. Materialzusammensetzung kann auf Wunsch geschickt werden.,10220
Materialzusammensetzung kann auf Wunsch eingereicht werden.,10083
99% LME,600119
2.4869,10083
Keine,18001
"Die 3 To. sind geraten. Es handelt sich um Blechschrott bis max. 5mm Marerialstärke, teilweise aber über 120 bzw. 150cm. Wenn Sie so netrt wären und mir beide preise geben würden, also blech / Eisen bis 5mm, max Conainerlang und einmal Schere, könnte ich entscheiden, welche Variante für mich lohnenswerter wäre.  :)",10027
"normales 3 adriges (3x1,5er) Kabel",10024
"untere Qualität, alte telekomunikationskabel mit Stecker",18029
IDE Festplatten Seagate Bj 2000-2010,19465
Ich löse ein Bauunjternehmen auf. Hier meine ich alles was über 6mm Materialstärke hat.,18061
PKW Teile (nur Blechteile ohne Anhaftungen weniger 3%),10027
Alte SD Ramspeicher von servern,18051
"Der Einkauf bestätigt eine Reinheit von 99,9 % Aluminium",21641
1000 kg,18003
Offset,21641
"Bandmaterial CuZn 30, unterkupfert flash, verzinnt",600120
Stahl Träger 40x30x4cm,18061
contact for aluminium hard scrap,600049
"Alte Heizkörper,heizrohre",3011
"das Material ist 1.4418, es handelt sich um Drehspäne",10045
"1 Gabelstapler Steinbock  leergewicht 2,3ton",10117
"Ich bin nicht sicher ob ich welche bereitstellen kann, es handelt sich um Altware.
Es sind Elektromotoren mit Flansch oder Sohle.
Die Wicklung ist aus Kupfer. Das Gehäuse ist aus Gusseisen und/oder Aluminium.
Es gibt Einphasen- und Dreiphasenmotoren.
Viele Motoren verfügen auch über eine Hydraulikpumpe.",18058
CuSn6 / 8 / 10,600122
CuSn6 / 8 / 10,600122
Mischschrott,18060
.,600098
2000Kg  Cu Raff,10118
"Kabel mit Transportschaden, ohne Belastungen, auf Kabeltrommel
285m NYCWY 4x120/70
Gewicht 6,3 kg/m
Gewicht CU 5,388 kg/m",10099
"Guten Tag, 
wir haben ca 800kg Kupferschrott in der Legierung 

Kupfer- Blech EN 1652 halbhart R240
CW024A Cu-DHP 2

Anzubieten. Bitte unterbreiten sie uns ein Angebot inklusive Abholung.",600155
"20.000 Tonnen HMS1/2 (HMS1=80%, HMS2=20%)
HMS 2 = 6.000 Tonnen
Neuer Schrott = 6.000 Tonnen",600195
"Mechanical Properties
Rp0,2 (MPa) - 126
Rm (MPa) - 221
A60% - 22",600065
"20 Spaltbänder mit je ca. 477 kg
Edelstahl Spaltband, WST 1.4016, Verfahren kaltgewalzt 2R, EN 10088-2
1,25x33 Toleranzen +0/-0,06 B +0/-0,2 

Liegend auf Einweg-Paletten, auf Karton gelagert
Einzelringe 1x längs und mind. 4x quer umreift
Zwischenhölzer zwischen den Coils min. 4x4 cm
RID 508mm, RAD 1630mm",600088
"UBC SCRAP 99,9% ALUMINIUM",18003
"- Firma name: Marian Manuel Razvan
- Heisenberg str. Nr 22
- 84544 Aschau am inn ,
- steuernummer: DE333902707
- altereifenentsorgung@gmail.com
- Tel : 015110115533
- Alufelge und Reifen",18025
KFZ Kennzeichen,18006
??,18034
"99.78% Milberry copper.
Can contain residue from oil-filled transformers. Partly covered with paper.
PCB-tested, certificate available.",600035
"-	83,70 kg N2XCH 4x 50 SM/25; Kupferanteil 87 %
-	1.116 kg NYCWY 4x185SM/ 95; Kupferanteil 82 %",10099
Es handelt sich um Fabrikneue Alufelgen A. 356. Alu. Felgen sind sauber nicht verunreinigt und ohne Ventile oder Ä.,18011
SPECIFICATION: COPPER WIRE SCRAP AA 99.99% MIN Products Name    Copper Scrap Wire (Millberry) 99.78% A NALYSIS RESULT ITEM S T A NDARD(%) Purity (Wt%) ≥99.78 RESULTS(%) CARBON 99.9% 0.03% COBLET 0.03% <0. 001 IRON 0.0009 0. 005% PHOSPHORUS 0.005% <0. 01% SULPHUR 0.009% <0. 01% ZINC 0.009% 0. 003%,18025
SCRAP,10206
"Sehr geehrte Damen und Herren,
dieses Material sind früher versilberte Bestecke gewesen. Wir haben das Silber abgewaschen und suchen nach einem guten Abnehmer für dieses Material. Es ist 58% Messing und 10-12% Nickel Anteile. Messer sind keine dabei. Mit besten grüßen, Heinrich Bott. Geschäftsführer.",600121
"HMS  1 & 2 scrap. REQUIRE   MINIM  30,000  TONS
FOR  INDIA  AND  MIDDLE  EAST  ON  MONTHLY  BASIS",600001
Hallo,18025
"Zinn-Legierung:  Sn90Pb10; Sn60Pb40, Pb50Sn50; Pb60Sn40

Schmelz-/Gefrierpunkt: 183 – 263°C
Temperatur: 1750°C mit Blei; 2270°C für Zinn
Flammpunkt: keine Daten.
Verdunstungsrate: keine Daten.
Brennbarkeit: nicht brennbar.
Obere/untere Entflammbarkeits- oder Explosionsgrenzen: niemals anwendbar.
Dampfdruck: keine Daten.
Dampfdichte: keine Daten.
Relative Dichte: ca. 9,3 g/cm3
Löslichkeit: unlöslich.
Octanol/Wasser-Bibliotheksverhältnis: keine Daten.",18070
Aluminium Offset Druckplatten der Marke Kodak XTRA 2 und XTRA 3,21641
"Druckplatte SONORA XTRA-3 Hersteller Kodak. Abmaße 795x1050x0,3 

ca. 5400 Platten",21641
Almg3 h111,18005
..,18061
"invar36(ni36%,Fe62%)",10083
An der Maschine befestigte Kristallstücke,18017
1.7227+QT Späne aus Zerspanung,18040
"stahltägerschrott, ca 20 meter lang, diverse stärken",600197
CU/NI 95/5,600041
Mi,18025
Altblei Barren und Bruch,19556
"gleiches Material wie bei den Aluminiumprofilen, allerdings pulverbeschichtet",18002
das Gleiche wie bei den Profilabschnitten,600043
"AW 6060 T66 E6/Ev1, teilweise auch pressblank
Fotos können wir später schicken. Wir haben zur Zeit keinen Container da, sondern sammeln in kleineren Behältern. Es handelt sich um Aluabschnitte.",18001
"Mc Basic AlMg 4,5. ist das Material für die Platten, die Y-Profile müssten aus AlSi1Mg sein.",30012
"Vierkant 30 S235 Oberfläche galvanisch verzinkt 8mµ
in Stäben a. 6000 mm",18061
Unbekannt,600112
DX51D+Z100,18005
